[{"model": "main.parameters", "pk": 1, "fields": {"contact_email": "JohnSmith@abc.edu", "experiment_time_zone": "US/Pacific", "site_url": "localhost:8000", "invitation_text": "<p>text here</p>", "invitation_subject": "text here", "software_version": "1.01", "timestamp": "2022-03-17T17:36:18.945Z", "updated": "2022-05-03T21:59:47.633Z"}}, {"model": "main.helpdocs", "pk": 1, "fields": {"title": "Subject graph help fixed", "text": "<div><span style=\"font-size: 14pt;\"><strong>Activity and Payments</strong></span></div>\r\n<div><span style=\"font-size: 14pt;\">In this frame there a is graph showing the Zone Minutes you and your partner earned each day.&nbsp; The vertical axis shows the number of Zone Minutes earned each day.&nbsp; Your activity is marked in #my_label#, and your partner's activity is in #partner_label#.&nbsp; </span></div>\r\n<div>&nbsp;</div>\r\n<div><span style=\"font-size: 14pt;\">For each day that your check in, you will earn $#fixed_pay#.&nbsp; </span><span style=\"font-size: 14pt;\">We will send you a payment via PayPal once per week.&nbsp; This weekly payment will be the total earnings from the seven previous days.&nbsp; Your currently weekly earnings are shown on the right side of the graph next to \"Sum\".</span></div>\r\n<div style=\"text-align: left;\">&nbsp;</div>\r\n<div style=\"text-align: left;\"><span style=\"font-size: 14pt;\">Your current zone minutes today will be marked with a #my_label# circle.</span></div>\r\n<div style=\"text-align: left;\">&nbsp;</div>\r\n<div style=\"text-align: left;\"><span style=\"font-size: 14pt;\">If you or your partner are unable to check in, a no-pay \"NP\" marker will be shown.</span></div>", "timestamp": "2022-04-22T18:23:26.100Z", "updated": "2022-05-04T22:46:42.171Z"}}, {"model": "main.helpdocs", "pk": 2, "fields": {"title": "Subject check in help fixed", "text": "<div>\r\n<div>Subject check in help individual</div>\r\n</div>", "timestamp": "2022-04-22T18:23:36.001Z", "updated": "2022-05-04T22:46:37.088Z"}}, {"model": "main.helpdocs", "pk": 3, "fields": {"title": "Subject check in help group", "text": "<div><span style=\"font-size: 14pt;\"><strong>Check In</strong></span></div>\r\n<div>&nbsp;</div>\r\n<div><span style=\"font-size: 14pt;\">Each day you must visit this site and check in.&nbsp; To be eligible for check in, you must do two things:</span></div>\r\n<div><span style=\"font-size: 14pt;\">1) You must have worn the Fitbit for the specified amount of time listed in this frame.</span></div>\r\n<div><span style=\"font-size: 14pt;\">2) You must have synced the Fitbit to your phone within the last 30 minutes.</span></div>\r\n<div>&nbsp;</div>\r\n<div><span style=\"font-size: 14pt;\">Sometimes there will be a Qualtrics survey you must complete before check in.&nbsp; You will not be able to check in until you complete the survey.&nbsp; If a survey is required, the check in button will be replaced with a link to the survey.</span></div>\r\n<div>&nbsp;</div>\r\n<div><span style=\"font-size: 14pt;\">If you do not check in on a particular day, you will not receive earnings for that day.&nbsp; Additionally, your partner will not receive group earnings for that day.</span></div>\r\n<div>&nbsp;</div>\r\n<div><span style=\"font-size: 14pt;\">Once you meet the eligibility requirements for check in, you can check in again later in the day if you earn more Zone Minutes.</span></div>\r\n<div>&nbsp;</div>\r\n<div><span style=\"font-size: 14pt;\">Zone minutes are shown on your Fitbit next to the <img src=\"../../../../../static/active_zone_minutes_icon.png\" alt=\"Zone Minutes\" width=\"20\" height=\"20\" /> icon.&nbsp; </span></div>\r\n<div><span style=\"font-size: 14pt;\">For more information on how Fitbit calculates Zone Minutes visit their website:</span></div>\r\n<div><span style=\"font-size: 14pt;\"><a title=\"Active Zone Minutes\" href=\"https://blog.fitbit.com/active-zone-minutes/\" target=\"_blank\" rel=\"noopener\">https://blog.fitbit.com/active-zone-minutes/</a></span></div>", "timestamp": "2022-04-22T18:23:43.174Z", "updated": "2022-05-02T21:48:35.629Z"}}, {"model": "main.helpdocs", "pk": 4, "fields": {"title": "Subject graph help group", "text": "<div>\r\n<div><span style=\"font-size: 14pt;\"><strong>Activity and Payments</strong></span></div>\r\n<div><span style=\"font-size: 14pt;\">In this frame there a is graph showing the Zone Minutes&nbsp;you and your partner earned each day along with the corresponding earnings.&nbsp; The left side vertical axis shows the number of Zone Minutes earned each day.&nbsp; The right side vertical axis shows the corresponding earnings.&nbsp; There are two ways to earn money each day.&nbsp; You earn money for your individual Zone Minutes and you earn money for group Zone Minutes.&nbsp; Your activity is marked in #my_label#, and your partner's activity is in #partner_label#.</span></div>\r\n<div>&nbsp;</div>\r\n<div><span style=\"font-size: 14pt;\">Individual Zone Minutes&nbsp;are the number of minutes you earned today and will paid according to this schedule:</span></div>\r\n<div style=\"text-align: center;\"><span style=\"font-size: 14pt;\">#Individual_Zone_Minutes#</span></div>\r\n<div style=\"text-align: center;\">&nbsp;</div>\r\n<div style=\"text-align: left;\"><span style=\"font-size: 14pt;\">Group Zone Minutes&nbsp;are the <em>minimum </em>of your individual Zone Minutes and your partner's individual Zone Minutes.&nbsp; In other words, we will use the lower of either your Zone Minutes&nbsp;or your partner's Zone Minutes&nbsp;and pay each of you, the same amount, according to this schedule:</span></div>\r\n<div style=\"text-align: center;\"><span style=\"font-size: 14pt;\">#Group_Zone_Minutes#</span></div>\r\n<div style=\"text-align: center;\">&nbsp;</div>\r\n<div style=\"text-align: left;\"><span style=\"font-size: 14pt;\">Your cash earnings each day will be the sum of your individual earnings and your group earnings.&nbsp; We will send you a payment via PayPal once per week.&nbsp; This weekly payment will be the total earnings from the seven previous days.&nbsp; Your currently weekly earnings are shown on the right side of the graph next to \"Sum\".</span></div>\r\n<div style=\"text-align: left;\">&nbsp;</div>\r\n<div style=\"text-align: left;\"><span style=\"font-size: 14pt;\">Your current zone minutes today will be marked with a #my_label# circle.</span></div>\r\n<div style=\"text-align: left;\">&nbsp;</div>\r\n<div style=\"text-align: left;\"><span style=\"font-size: 14pt;\">If you or your partner are unable to check in, a no-pay \"NP\" marker will be shown.</span></div>\r\n</div>", "timestamp": "2022-04-22T18:24:17.108Z", "updated": "2022-05-02T21:44:37.019Z"}}, {"model": "main.helpdocs", "pk": 5, "fields": {"title": "Subject chat help", "text": "<p><strong><span style=\"font-size: 14pt;\">Chat</span></strong></p>\r\n<p><span style=\"font-size: 14pt;\">You can chat with your partner using the Chat frame.&nbsp; You are free to discuss any aspects of the study.&nbsp; Please do not use inappropriate language, make threats or reveal personal information not pertinent to the study.</span></p>", "timestamp": "2022-04-29T18:25:36.712Z", "updated": "2022-04-29T18:30:18.670Z"}}, {"model": "main.helpdocs", "pk": 6, "fields": {"title": "Subject check in help no pay", "text": "<p>Subject check in help no pay</p>", "timestamp": "2022-05-04T22:46:54.958Z", "updated": "2022-05-04T22:46:54.958Z"}}, {"model": "main.helpdocs", "pk": 7, "fields": {"title": "Subject graph help no pay", "text": "<p>Subject graph help no pay</p>", "timestamp": "2022-05-04T22:47:14.716Z", "updated": "2022-05-04T22:47:14.716Z"}}, {"model": "main.instructionset", "pk": 1, "fields": {"label": "one", "timestamp": "2022-03-17T17:37:10.577Z", "updated": "2022-03-17T17:37:10.577Z"}}, {"model": "main.instruction", "pk": 1, "fields": {"instruction_set": 1, "text_html": "<p>asdf</p>", "page_number": 1, "timestamp": "2022-03-17T17:37:10.577Z", "updated": "2022-03-17T17:37:10.577Z"}}, {"model": "main.parameterset", "pk": 4, "fields": {"instruction_set": 1, "enable_chat": false, "show_instructions": false, "graph_y_max": 75, "test_mode": false, "consent_form": "file_name.pdf", "consent_form_required": false, "timestamp": "2022-03-22T19:39:19.794Z", "updated": "2022-03-22T19:39:19.794Z"}}, {"model": "main.parameterset", "pk": 5, "fields": {"instruction_set": 1, "enable_chat": true, "show_instructions": false, "graph_y_max": 75, "test_mode": false, "consent_form": "IRB-20-142_12-18-2020.pdf", "consent_form_required": true, "timestamp": "2022-03-22T19:40:30.430Z", "updated": "2022-05-05T22:54:13.818Z"}}, {"model": "main.parametersetplayer", "pk": 69, "fields": {"parameter_set": 4, "id_label": "1", "display_color": "#000000", "timestamp": "2022-03-22T19:39:19.817Z", "updated": "2022-03-22T19:39:19.817Z"}}, {"model": "main.parametersetplayer", "pk": 151, "fields": {"parameter_set": 5, "id_label": "Blue", "display_color": "#6495ED", "timestamp": "2022-05-05T22:54:13.829Z", "updated": "2022-05-05T22:54:13.841Z"}}, {"model": "main.parametersetplayer", "pk": 152, "fields": {"parameter_set": 5, "id_label": "Orange", "display_color": "#FF8C00", "timestamp": "2022-05-05T22:54:13.833Z", "updated": "2022-05-05T22:54:13.843Z"}}, {"model": "main.parametersetplayer", "pk": 153, "fields": {"parameter_set": 5, "id_label": "Blue", "display_color": "#6495ED", "timestamp": "2022-05-05T22:54:13.835Z", "updated": "2022-05-05T22:54:13.844Z"}}, {"model": "main.parametersetplayer", "pk": 154, "fields": {"parameter_set": 5, "id_label": "Orange", "display_color": "#FF8C00", "timestamp": "2022-05-05T22:54:13.838Z", "updated": "2022-05-05T22:54:13.846Z"}}, {"model": "main.parametersetperiod", "pk": 221, "fields": {"parameter_set": 4, "period_number": 1, "period_type": "No Pay", "survey_required": false, "survey_link": "", "show_notice": false, "notice_text": "Notice Text Here", "minimum_wrist_minutes": 1080, "show_graph_1": false, "graph_1_start_period_number": 1, "graph_1_end_period_number": 1, "show_graph_2": false, "graph_2_start_period_number": 1, "graph_2_end_period_number": 1, "pay_block": 1, "timestamp": "2022-03-22T19:39:19.805Z", "updated": "2022-03-22T19:39:19.805Z"}}, {"model": "main.parametersetperiod", "pk": 1572, "fields": {"parameter_set": 5, "period_number": 1, "period_type": "Fixed Pay", "survey_required": true, "survey_link": "https://chapmanu.co1.qualtrics.com/jfe/form/SV_cRNFJWfTYzrplnU", "show_notice": true, "notice_text": "<p><span style=\"font-size: 14pt;\">Welcome to the study.</span></p>\n<p><span style=\"font-size: 14pt;\">We will display important information throughout the study in this section.</span></p>\n<p><span style=\"font-size: 14pt;\">Today we will talk about the interface, connect the Fitbit to your phone then link your Fitbit account to the study.</span></p>\n<p><span style=\"font-size: 14pt;\">If you have questions please raise your hand.</span></p>", "minimum_wrist_minutes": 10, "show_graph_1": false, "graph_1_start_period_number": 1, "graph_1_end_period_number": 14, "show_graph_2": true, "graph_2_start_period_number": 1, "graph_2_end_period_number": 14, "pay_block": 1, "timestamp": "2022-05-05T22:54:15.349Z", "updated": "2022-05-05T22:54:16.498Z"}}, {"model": "main.parametersetperiod", "pk": 1573, "fields": {"parameter_set": 5, "period_number": 2, "period_type": "Fixed Pay", "survey_required": false, "survey_link": "", "show_notice": false, "notice_text": "<p>Notice Text Here</p>", "minimum_wrist_minutes": 1200, "show_graph_1": false, "graph_1_start_period_number": 1, "graph_1_end_period_number": 14, "show_graph_2": true, "graph_2_start_period_number": 1, "graph_2_end_period_number": 14, "pay_block": 1, "timestamp": "2022-05-05T22:54:15.367Z", "updated": "2022-05-05T22:54:16.511Z"}}, {"model": "main.parametersetperiod", "pk": 1574, "fields": {"parameter_set": 5, "period_number": 3, "period_type": "Fixed Pay", "survey_required": false, "survey_link": "", "show_notice": false, "notice_text": "<p>Notice Text Here</p>", "minimum_wrist_minutes": 1200, "show_graph_1": false, "graph_1_start_period_number": 1, "graph_1_end_period_number": 14, "show_graph_2": true, "graph_2_start_period_number": 1, "graph_2_end_period_number": 14, "pay_block": 1, "timestamp": "2022-05-05T22:54:15.383Z", "updated": "2022-05-05T22:54:16.521Z"}}, {"model": "main.parametersetperiod", "pk": 1575, "fields": {"parameter_set": 5, "period_number": 4, "period_type": "Fixed Pay", "survey_required": false, "survey_link": "", "show_notice": false, "notice_text": "<p>Notice Text Here</p>", "minimum_wrist_minutes": 1200, "show_graph_1": false, "graph_1_start_period_number": 1, "graph_1_end_period_number": 14, "show_graph_2": true, "graph_2_start_period_number": 1, "graph_2_end_period_number": 14, "pay_block": 1, "timestamp": "2022-05-05T22:54:15.399Z", "updated": "2022-05-05T22:54:16.531Z"}}, {"model": "main.parametersetperiod", "pk": 1576, "fields": {"parameter_set": 5, "period_number": 5, "period_type": "Fixed Pay", "survey_required": false, "survey_link": "", "show_notice": false, "notice_text": "<p>Notice Text Here</p>", "minimum_wrist_minutes": 1200, "show_graph_1": false, "graph_1_start_period_number": 1, "graph_1_end_period_number": 14, "show_graph_2": true, "graph_2_start_period_number": 1, "graph_2_end_period_number": 14, "pay_block": 1, "timestamp": "2022-05-05T22:54:15.415Z", "updated": "2022-05-05T22:54:16.542Z"}}, {"model": "main.parametersetperiod", "pk": 1577, "fields": {"parameter_set": 5, "period_number": 6, "period_type": "Fixed Pay", "survey_required": false, "survey_link": "", "show_notice": false, "notice_text": "<p>Notice Text Here</p>", "minimum_wrist_minutes": 1200, "show_graph_1": false, "graph_1_start_period_number": 1, "graph_1_end_period_number": 14, "show_graph_2": true, "graph_2_start_period_number": 1, "graph_2_end_period_number": 14, "pay_block": 1, "timestamp": "2022-05-05T22:54:15.431Z", "updated": "2022-05-05T22:54:16.554Z"}}, {"model": "main.parametersetperiod", "pk": 1578, "fields": {"parameter_set": 5, "period_number": 7, "period_type": "Fixed Pay", "survey_required": false, "survey_link": "", "show_notice": false, "notice_text": "<p>Notice Text Here</p>", "minimum_wrist_minutes": 1200, "show_graph_1": false, "graph_1_start_period_number": 1, "graph_1_end_period_number": 14, "show_graph_2": true, "graph_2_start_period_number": 1, "graph_2_end_period_number": 14, "pay_block": 1, "timestamp": "2022-05-05T22:54:15.447Z", "updated": "2022-05-05T22:54:16.566Z"}}, {"model": "main.parametersetperiod", "pk": 1579, "fields": {"parameter_set": 5, "period_number": 8, "period_type": "Fixed Pay", "survey_required": false, "survey_link": "", "show_notice": false, "notice_text": "<p>Notice Text Here</p>", "minimum_wrist_minutes": 1200, "show_graph_1": false, "graph_1_start_period_number": 1, "graph_1_end_period_number": 14, "show_graph_2": true, "graph_2_start_period_number": 1, "graph_2_end_period_number": 14, "pay_block": 2, "timestamp": "2022-05-05T22:54:15.463Z", "updated": "2022-05-05T22:54:16.578Z"}}, {"model": "main.parametersetperiod", "pk": 1580, "fields": {"parameter_set": 5, "period_number": 9, "period_type": "Fixed Pay", "survey_required": false, "survey_link": "", "show_notice": false, "notice_text": "<p>Notice Text Here</p>", "minimum_wrist_minutes": 1200, "show_graph_1": false, "graph_1_start_period_number": 1, "graph_1_end_period_number": 14, "show_graph_2": true, "graph_2_start_period_number": 1, "graph_2_end_period_number": 14, "pay_block": 2, "timestamp": "2022-05-05T22:54:15.478Z", "updated": "2022-05-05T22:54:16.588Z"}}, {"model": "main.parametersetperiod", "pk": 1581, "fields": {"parameter_set": 5, "period_number": 10, "period_type": "Fixed Pay", "survey_required": false, "survey_link": "", "show_notice": false, "notice_text": "<p>Notice Text Here</p>", "minimum_wrist_minutes": 1200, "show_graph_1": false, "graph_1_start_period_number": 1, "graph_1_end_period_number": 14, "show_graph_2": true, "graph_2_start_period_number": 1, "graph_2_end_period_number": 14, "pay_block": 2, "timestamp": "2022-05-05T22:54:15.494Z", "updated": "2022-05-05T22:54:16.599Z"}}, {"model": "main.parametersetperiod", "pk": 1582, "fields": {"parameter_set": 5, "period_number": 11, "period_type": "Fixed Pay", "survey_required": false, "survey_link": "", "show_notice": false, "notice_text": "<p>Notice Text Here</p>", "minimum_wrist_minutes": 1200, "show_graph_1": false, "graph_1_start_period_number": 1, "graph_1_end_period_number": 14, "show_graph_2": true, "graph_2_start_period_number": 1, "graph_2_end_period_number": 14, "pay_block": 2, "timestamp": "2022-05-05T22:54:15.515Z", "updated": "2022-05-05T22:54:16.610Z"}}, {"model": "main.parametersetperiod", "pk": 1583, "fields": {"parameter_set": 5, "period_number": 12, "period_type": "Fixed Pay", "survey_required": false, "survey_link": "", "show_notice": false, "notice_text": "<p>Notice Text Here</p>", "minimum_wrist_minutes": 1200, "show_graph_1": false, "graph_1_start_period_number": 1, "graph_1_end_period_number": 14, "show_graph_2": true, "graph_2_start_period_number": 1, "graph_2_end_period_number": 14, "pay_block": 2, "timestamp": "2022-05-05T22:54:15.531Z", "updated": "2022-05-05T22:54:16.624Z"}}, {"model": "main.parametersetperiod", "pk": 1584, "fields": {"parameter_set": 5, "period_number": 13, "period_type": "Fixed Pay", "survey_required": false, "survey_link": "", "show_notice": false, "notice_text": "<p>Notice Text Here</p>", "minimum_wrist_minutes": 1200, "show_graph_1": false, "graph_1_start_period_number": 1, "graph_1_end_period_number": 14, "show_graph_2": true, "graph_2_start_period_number": 1, "graph_2_end_period_number": 14, "pay_block": 2, "timestamp": "2022-05-05T22:54:15.546Z", "updated": "2022-05-05T22:54:16.635Z"}}, {"model": "main.parametersetperiod", "pk": 1585, "fields": {"parameter_set": 5, "period_number": 14, "period_type": "Fixed Pay", "survey_required": true, "survey_link": "https://chapmanu.co1.qualtrics.com/jfe/form/SV_3BDbgKZAk8QhFEq", "show_notice": false, "notice_text": "", "minimum_wrist_minutes": 1200, "show_graph_1": false, "graph_1_start_period_number": 1, "graph_1_end_period_number": 14, "show_graph_2": true, "graph_2_start_period_number": 1, "graph_2_end_period_number": 14, "pay_block": 2, "timestamp": "2022-05-05T22:54:15.561Z", "updated": "2022-05-05T22:54:16.645Z"}}, {"model": "main.parametersetperiod", "pk": 1586, "fields": {"parameter_set": 5, "period_number": 15, "period_type": "Group Pay", "survey_required": false, "survey_link": "https://google.com", "show_notice": true, "notice_text": "<p>T<span style=\"font-size: 14pt;\">he way you earn money has changed.&nbsp; Instead of earning a fixed amount each day, we will now pay you based number of Zone Minutes you and your partner accrue each day.</span></p>\n<p><span style=\"font-size: 14pt;\">For more information press the help buttons (?) in each frame.</span></p>\n<p>&nbsp;</p>", "minimum_wrist_minutes": 1200, "show_graph_1": true, "graph_1_start_period_number": 1, "graph_1_end_period_number": 14, "show_graph_2": true, "graph_2_start_period_number": 15, "graph_2_end_period_number": 28, "pay_block": 3, "timestamp": "2022-05-05T22:54:15.577Z", "updated": "2022-05-05T22:54:16.656Z"}}, {"model": "main.parametersetperiod", "pk": 1587, "fields": {"parameter_set": 5, "period_number": 16, "period_type": "Group Pay", "survey_required": false, "survey_link": "", "show_notice": false, "notice_text": "<p>Notice Text Here</p>", "minimum_wrist_minutes": 1200, "show_graph_1": true, "graph_1_start_period_number": 1, "graph_1_end_period_number": 14, "show_graph_2": true, "graph_2_start_period_number": 15, "graph_2_end_period_number": 28, "pay_block": 3, "timestamp": "2022-05-05T22:54:15.593Z", "updated": "2022-05-05T22:54:16.667Z"}}, {"model": "main.parametersetperiod", "pk": 1588, "fields": {"parameter_set": 5, "period_number": 17, "period_type": "Group Pay", "survey_required": false, "survey_link": "", "show_notice": false, "notice_text": "<p>Notice Text Here</p>", "minimum_wrist_minutes": 1200, "show_graph_1": true, "graph_1_start_period_number": 1, "graph_1_end_period_number": 14, "show_graph_2": true, "graph_2_start_period_number": 15, "graph_2_end_period_number": 28, "pay_block": 3, "timestamp": "2022-05-05T22:54:15.609Z", "updated": "2022-05-05T22:54:16.678Z"}}, {"model": "main.parametersetperiod", "pk": 1589, "fields": {"parameter_set": 5, "period_number": 18, "period_type": "Group Pay", "survey_required": false, "survey_link": "", "show_notice": false, "notice_text": "<p>Notice Text Here</p>", "minimum_wrist_minutes": 1200, "show_graph_1": true, "graph_1_start_period_number": 1, "graph_1_end_period_number": 14, "show_graph_2": true, "graph_2_start_period_number": 15, "graph_2_end_period_number": 28, "pay_block": 3, "timestamp": "2022-05-05T22:54:15.625Z", "updated": "2022-05-05T22:54:16.689Z"}}, {"model": "main.parametersetperiod", "pk": 1590, "fields": {"parameter_set": 5, "period_number": 19, "period_type": "Group Pay", "survey_required": false, "survey_link": "", "show_notice": false, "notice_text": "<p>Notice Text Here</p>", "minimum_wrist_minutes": 1200, "show_graph_1": true, "graph_1_start_period_number": 1, "graph_1_end_period_number": 14, "show_graph_2": true, "graph_2_start_period_number": 15, "graph_2_end_period_number": 28, "pay_block": 3, "timestamp": "2022-05-05T22:54:15.641Z", "updated": "2022-05-05T22:54:16.700Z"}}, {"model": "main.parametersetperiod", "pk": 1591, "fields": {"parameter_set": 5, "period_number": 20, "period_type": "Group Pay", "survey_required": false, "survey_link": "", "show_notice": false, "notice_text": "<p>Notice Text Here</p>", "minimum_wrist_minutes": 1200, "show_graph_1": true, "graph_1_start_period_number": 1, "graph_1_end_period_number": 14, "show_graph_2": true, "graph_2_start_period_number": 15, "graph_2_end_period_number": 28, "pay_block": 3, "timestamp": "2022-05-05T22:54:15.656Z", "updated": "2022-05-05T22:54:16.709Z"}}, {"model": "main.parametersetperiod", "pk": 1592, "fields": {"parameter_set": 5, "period_number": 21, "period_type": "Group Pay", "survey_required": false, "survey_link": "", "show_notice": false, "notice_text": "<p>Notice Text Here</p>", "minimum_wrist_minutes": 1200, "show_graph_1": true, "graph_1_start_period_number": 1, "graph_1_end_period_number": 14, "show_graph_2": true, "graph_2_start_period_number": 15, "graph_2_end_period_number": 28, "pay_block": 3, "timestamp": "2022-05-05T22:54:15.676Z", "updated": "2022-05-05T22:54:16.720Z"}}, {"model": "main.parametersetperiod", "pk": 1593, "fields": {"parameter_set": 5, "period_number": 22, "period_type": "Group Pay", "survey_required": false, "survey_link": "", "show_notice": false, "notice_text": "<p>Notice Text Here</p>", "minimum_wrist_minutes": 1200, "show_graph_1": true, "graph_1_start_period_number": 1, "graph_1_end_period_number": 14, "show_graph_2": true, "graph_2_start_period_number": 15, "graph_2_end_period_number": 28, "pay_block": 4, "timestamp": "2022-05-05T22:54:15.692Z", "updated": "2022-05-05T22:54:16.730Z"}}, {"model": "main.parametersetperiod", "pk": 1594, "fields": {"parameter_set": 5, "period_number": 23, "period_type": "Group Pay", "survey_required": false, "survey_link": "", "show_notice": false, "notice_text": "<p>Notice Text Here</p>", "minimum_wrist_minutes": 1200, "show_graph_1": true, "graph_1_start_period_number": 1, "graph_1_end_period_number": 14, "show_graph_2": true, "graph_2_start_period_number": 15, "graph_2_end_period_number": 28, "pay_block": 4, "timestamp": "2022-05-05T22:54:15.708Z", "updated": "2022-05-05T22:54:16.744Z"}}, {"model": "main.parametersetperiod", "pk": 1595, "fields": {"parameter_set": 5, "period_number": 24, "period_type": "Group Pay", "survey_required": false, "survey_link": "", "show_notice": false, "notice_text": "<p>Notice Text Here</p>", "minimum_wrist_minutes": 1200, "show_graph_1": true, "graph_1_start_period_number": 1, "graph_1_end_period_number": 14, "show_graph_2": true, "graph_2_start_period_number": 15, "graph_2_end_period_number": 28, "pay_block": 4, "timestamp": "2022-05-05T22:54:15.724Z", "updated": "2022-05-05T22:54:16.756Z"}}, {"model": "main.parametersetperiod", "pk": 1596, "fields": {"parameter_set": 5, "period_number": 25, "period_type": "Group Pay", "survey_required": false, "survey_link": "", "show_notice": false, "notice_text": "<p>Notice Text Here</p>", "minimum_wrist_minutes": 1200, "show_graph_1": true, "graph_1_start_period_number": 1, "graph_1_end_period_number": 14, "show_graph_2": true, "graph_2_start_period_number": 15, "graph_2_end_period_number": 28, "pay_block": 4, "timestamp": "2022-05-05T22:54:15.739Z", "updated": "2022-05-05T22:54:16.767Z"}}, {"model": "main.parametersetperiod", "pk": 1597, "fields": {"parameter_set": 5, "period_number": 26, "period_type": "Group Pay", "survey_required": false, "survey_link": "", "show_notice": false, "notice_text": "<p>Notice Text Here</p>", "minimum_wrist_minutes": 1200, "show_graph_1": true, "graph_1_start_period_number": 1, "graph_1_end_period_number": 14, "show_graph_2": true, "graph_2_start_period_number": 15, "graph_2_end_period_number": 28, "pay_block": 4, "timestamp": "2022-05-05T22:54:15.754Z", "updated": "2022-05-05T22:54:16.778Z"}}, {"model": "main.parametersetperiod", "pk": 1598, "fields": {"parameter_set": 5, "period_number": 27, "period_type": "Group Pay", "survey_required": false, "survey_link": "", "show_notice": false, "notice_text": "<p>Notice Text Here</p>", "minimum_wrist_minutes": 1200, "show_graph_1": true, "graph_1_start_period_number": 1, "graph_1_end_period_number": 14, "show_graph_2": true, "graph_2_start_period_number": 15, "graph_2_end_period_number": 28, "pay_block": 4, "timestamp": "2022-05-05T22:54:15.771Z", "updated": "2022-05-05T22:54:16.788Z"}}, {"model": "main.parametersetperiod", "pk": 1599, "fields": {"parameter_set": 5, "period_number": 28, "period_type": "Group Pay", "survey_required": false, "survey_link": "", "show_notice": false, "notice_text": "<p>Notice Text Here</p>", "minimum_wrist_minutes": 1200, "show_graph_1": true, "graph_1_start_period_number": 1, "graph_1_end_period_number": 14, "show_graph_2": true, "graph_2_start_period_number": 15, "graph_2_end_period_number": 28, "pay_block": 4, "timestamp": "2022-05-05T22:54:15.787Z", "updated": "2022-05-05T22:54:16.799Z"}}, {"model": "main.parametersetperiod", "pk": 1600, "fields": {"parameter_set": 5, "period_number": 29, "period_type": "Group Pay", "survey_required": true, "survey_link": "http://google.com", "show_notice": true, "notice_text": "<p>Day 29 notice</p>", "minimum_wrist_minutes": 1200, "show_graph_1": true, "graph_1_start_period_number": 15, "graph_1_end_period_number": 28, "show_graph_2": true, "graph_2_start_period_number": 29, "graph_2_end_period_number": 42, "pay_block": 5, "timestamp": "2022-05-05T22:54:15.803Z", "updated": "2022-05-05T22:54:16.810Z"}}, {"model": "main.parametersetperiod", "pk": 1601, "fields": {"parameter_set": 5, "period_number": 30, "period_type": "Group Pay", "survey_required": false, "survey_link": "", "show_notice": false, "notice_text": "<p>Notice Text Here</p>", "minimum_wrist_minutes": 1200, "show_graph_1": true, "graph_1_start_period_number": 15, "graph_1_end_period_number": 28, "show_graph_2": true, "graph_2_start_period_number": 29, "graph_2_end_period_number": 42, "pay_block": 5, "timestamp": "2022-05-05T22:54:15.817Z", "updated": "2022-05-05T22:54:16.820Z"}}, {"model": "main.parametersetperiod", "pk": 1602, "fields": {"parameter_set": 5, "period_number": 31, "period_type": "Group Pay", "survey_required": false, "survey_link": "", "show_notice": false, "notice_text": "Notice Text Here", "minimum_wrist_minutes": 1200, "show_graph_1": true, "graph_1_start_period_number": 15, "graph_1_end_period_number": 28, "show_graph_2": true, "graph_2_start_period_number": 29, "graph_2_end_period_number": 42, "pay_block": 5, "timestamp": "2022-05-05T22:54:15.833Z", "updated": "2022-05-05T22:54:16.830Z"}}, {"model": "main.parametersetperiod", "pk": 1603, "fields": {"parameter_set": 5, "period_number": 32, "period_type": "Group Pay", "survey_required": false, "survey_link": "", "show_notice": false, "notice_text": "Notice Text Here", "minimum_wrist_minutes": 1200, "show_graph_1": true, "graph_1_start_period_number": 15, "graph_1_end_period_number": 28, "show_graph_2": true, "graph_2_start_period_number": 29, "graph_2_end_period_number": 42, "pay_block": 5, "timestamp": "2022-05-05T22:54:15.855Z", "updated": "2022-05-05T22:54:16.845Z"}}, {"model": "main.parametersetperiod", "pk": 1604, "fields": {"parameter_set": 5, "period_number": 33, "period_type": "Group Pay", "survey_required": false, "survey_link": "", "show_notice": false, "notice_text": "Notice Text Here", "minimum_wrist_minutes": 1200, "show_graph_1": true, "graph_1_start_period_number": 15, "graph_1_end_period_number": 28, "show_graph_2": true, "graph_2_start_period_number": 29, "graph_2_end_period_number": 42, "pay_block": 5, "timestamp": "2022-05-05T22:54:15.870Z", "updated": "2022-05-05T22:54:16.858Z"}}, {"model": "main.parametersetperiod", "pk": 1605, "fields": {"parameter_set": 5, "period_number": 34, "period_type": "Group Pay", "survey_required": false, "survey_link": "", "show_notice": false, "notice_text": "Notice Text Here", "minimum_wrist_minutes": 1200, "show_graph_1": true, "graph_1_start_period_number": 15, "graph_1_end_period_number": 28, "show_graph_2": true, "graph_2_start_period_number": 29, "graph_2_end_period_number": 42, "pay_block": 5, "timestamp": "2022-05-05T22:54:15.885Z", "updated": "2022-05-05T22:54:16.870Z"}}, {"model": "main.parametersetperiod", "pk": 1606, "fields": {"parameter_set": 5, "period_number": 35, "period_type": "Group Pay", "survey_required": false, "survey_link": "", "show_notice": false, "notice_text": "Notice Text Here", "minimum_wrist_minutes": 1200, "show_graph_1": true, "graph_1_start_period_number": 15, "graph_1_end_period_number": 28, "show_graph_2": true, "graph_2_start_period_number": 29, "graph_2_end_period_number": 42, "pay_block": 5, "timestamp": "2022-05-05T22:54:15.900Z", "updated": "2022-05-05T22:54:16.880Z"}}, {"model": "main.parametersetperiod", "pk": 1607, "fields": {"parameter_set": 5, "period_number": 36, "period_type": "Group Pay", "survey_required": false, "survey_link": "", "show_notice": false, "notice_text": "<p>Notice Text Here</p>", "minimum_wrist_minutes": 1200, "show_graph_1": true, "graph_1_start_period_number": 15, "graph_1_end_period_number": 28, "show_graph_2": true, "graph_2_start_period_number": 29, "graph_2_end_period_number": 42, "pay_block": 6, "timestamp": "2022-05-05T22:54:15.918Z", "updated": "2022-05-05T22:54:16.891Z"}}, {"model": "main.parametersetperiod", "pk": 1608, "fields": {"parameter_set": 5, "period_number": 37, "period_type": "Group Pay", "survey_required": false, "survey_link": "", "show_notice": false, "notice_text": "<p>Notice Text Here</p>", "minimum_wrist_minutes": 1200, "show_graph_1": true, "graph_1_start_period_number": 15, "graph_1_end_period_number": 28, "show_graph_2": true, "graph_2_start_period_number": 29, "graph_2_end_period_number": 42, "pay_block": 6, "timestamp": "2022-05-05T22:54:15.935Z", "updated": "2022-05-05T22:54:16.902Z"}}, {"model": "main.parametersetperiod", "pk": 1609, "fields": {"parameter_set": 5, "period_number": 38, "period_type": "Group Pay", "survey_required": false, "survey_link": "", "show_notice": false, "notice_text": "Notice Text Here", "minimum_wrist_minutes": 1200, "show_graph_1": true, "graph_1_start_period_number": 15, "graph_1_end_period_number": 28, "show_graph_2": true, "graph_2_start_period_number": 29, "graph_2_end_period_number": 42, "pay_block": 6, "timestamp": "2022-05-05T22:54:15.951Z", "updated": "2022-05-05T22:54:16.912Z"}}, {"model": "main.parametersetperiod", "pk": 1610, "fields": {"parameter_set": 5, "period_number": 39, "period_type": "Group Pay", "survey_required": false, "survey_link": "", "show_notice": false, "notice_text": "Notice Text Here", "minimum_wrist_minutes": 1200, "show_graph_1": true, "graph_1_start_period_number": 15, "graph_1_end_period_number": 28, "show_graph_2": true, "graph_2_start_period_number": 29, "graph_2_end_period_number": 42, "pay_block": 6, "timestamp": "2022-05-05T22:54:15.967Z", "updated": "2022-05-05T22:54:16.922Z"}}, {"model": "main.parametersetperiod", "pk": 1611, "fields": {"parameter_set": 5, "period_number": 40, "period_type": "Group Pay", "survey_required": false, "survey_link": "", "show_notice": false, "notice_text": "Notice Text Here", "minimum_wrist_minutes": 1200, "show_graph_1": true, "graph_1_start_period_number": 15, "graph_1_end_period_number": 28, "show_graph_2": true, "graph_2_start_period_number": 29, "graph_2_end_period_number": 42, "pay_block": 6, "timestamp": "2022-05-05T22:54:15.981Z", "updated": "2022-05-05T22:54:16.932Z"}}, {"model": "main.parametersetperiod", "pk": 1612, "fields": {"parameter_set": 5, "period_number": 41, "period_type": "Group Pay", "survey_required": false, "survey_link": "", "show_notice": false, "notice_text": "Notice Text Here", "minimum_wrist_minutes": 1200, "show_graph_1": true, "graph_1_start_period_number": 15, "graph_1_end_period_number": 28, "show_graph_2": true, "graph_2_start_period_number": 29, "graph_2_end_period_number": 42, "pay_block": 6, "timestamp": "2022-05-05T22:54:16.001Z", "updated": "2022-05-05T22:54:16.942Z"}}, {"model": "main.parametersetperiod", "pk": 1613, "fields": {"parameter_set": 5, "period_number": 42, "period_type": "Group Pay", "survey_required": true, "survey_link": "https://chapmanu.co1.qualtrics.com/jfe/form/SV_3BDbgKZAk8QhFEq", "show_notice": false, "notice_text": "<p>Notice Text Here</p>", "minimum_wrist_minutes": 1200, "show_graph_1": true, "graph_1_start_period_number": 15, "graph_1_end_period_number": 28, "show_graph_2": true, "graph_2_start_period_number": 29, "graph_2_end_period_number": 42, "pay_block": 6, "timestamp": "2022-05-05T22:54:16.017Z", "updated": "2022-05-05T22:54:16.957Z"}}, {"model": "main.parametersetperiod", "pk": 1614, "fields": {"parameter_set": 5, "period_number": 43, "period_type": "Fixed Pay", "survey_required": false, "survey_link": "", "show_notice": true, "notice_text": "<p>T<span style=\"font-size: 14pt;\">he way you earn money has changed.&nbsp; Instead of paying you based number of Zone Minutes you and your partner accrue each day, you and your partner will earn a fixed amount for checking in each day.</span></p>\n<p><span style=\"font-size: 14pt;\">For more information press the help buttons (?) in each frame.</span></p>", "minimum_wrist_minutes": 1200, "show_graph_1": true, "graph_1_start_period_number": 29, "graph_1_end_period_number": 42, "show_graph_2": true, "graph_2_start_period_number": 43, "graph_2_end_period_number": 56, "pay_block": 7, "timestamp": "2022-05-05T22:54:16.033Z", "updated": "2022-05-05T22:54:16.970Z"}}, {"model": "main.parametersetperiod", "pk": 1615, "fields": {"parameter_set": 5, "period_number": 44, "period_type": "Fixed Pay", "survey_required": false, "survey_link": "", "show_notice": false, "notice_text": "<p>Notice Text Here</p>", "minimum_wrist_minutes": 1200, "show_graph_1": true, "graph_1_start_period_number": 29, "graph_1_end_period_number": 42, "show_graph_2": true, "graph_2_start_period_number": 43, "graph_2_end_period_number": 56, "pay_block": 7, "timestamp": "2022-05-05T22:54:16.048Z", "updated": "2022-05-05T22:54:16.983Z"}}, {"model": "main.parametersetperiod", "pk": 1616, "fields": {"parameter_set": 5, "period_number": 45, "period_type": "Fixed Pay", "survey_required": false, "survey_link": "", "show_notice": false, "notice_text": "Notice Text Here", "minimum_wrist_minutes": 1200, "show_graph_1": true, "graph_1_start_period_number": 29, "graph_1_end_period_number": 42, "show_graph_2": true, "graph_2_start_period_number": 43, "graph_2_end_period_number": 56, "pay_block": 7, "timestamp": "2022-05-05T22:54:16.064Z", "updated": "2022-05-05T22:54:16.994Z"}}, {"model": "main.parametersetperiod", "pk": 1617, "fields": {"parameter_set": 5, "period_number": 46, "period_type": "Fixed Pay", "survey_required": false, "survey_link": "", "show_notice": false, "notice_text": "Notice Text Here", "minimum_wrist_minutes": 1200, "show_graph_1": true, "graph_1_start_period_number": 29, "graph_1_end_period_number": 42, "show_graph_2": true, "graph_2_start_period_number": 43, "graph_2_end_period_number": 56, "pay_block": 7, "timestamp": "2022-05-05T22:54:16.080Z", "updated": "2022-05-05T22:54:17.004Z"}}, {"model": "main.parametersetperiod", "pk": 1618, "fields": {"parameter_set": 5, "period_number": 47, "period_type": "Fixed Pay", "survey_required": false, "survey_link": "", "show_notice": false, "notice_text": "Notice Text Here", "minimum_wrist_minutes": 1200, "show_graph_1": true, "graph_1_start_period_number": 29, "graph_1_end_period_number": 42, "show_graph_2": true, "graph_2_start_period_number": 43, "graph_2_end_period_number": 56, "pay_block": 7, "timestamp": "2022-05-05T22:54:16.097Z", "updated": "2022-05-05T22:54:17.015Z"}}, {"model": "main.parametersetperiod", "pk": 1619, "fields": {"parameter_set": 5, "period_number": 48, "period_type": "Fixed Pay", "survey_required": false, "survey_link": "", "show_notice": false, "notice_text": "Notice Text Here", "minimum_wrist_minutes": 1200, "show_graph_1": true, "graph_1_start_period_number": 29, "graph_1_end_period_number": 42, "show_graph_2": true, "graph_2_start_period_number": 43, "graph_2_end_period_number": 56, "pay_block": 7, "timestamp": "2022-05-05T22:54:16.113Z", "updated": "2022-05-05T22:54:17.026Z"}}, {"model": "main.parametersetperiod", "pk": 1620, "fields": {"parameter_set": 5, "period_number": 49, "period_type": "Fixed Pay", "survey_required": false, "survey_link": "", "show_notice": false, "notice_text": "Notice Text Here", "minimum_wrist_minutes": 1200, "show_graph_1": true, "graph_1_start_period_number": 29, "graph_1_end_period_number": 42, "show_graph_2": true, "graph_2_start_period_number": 43, "graph_2_end_period_number": 56, "pay_block": 7, "timestamp": "2022-05-05T22:54:16.133Z", "updated": "2022-05-05T22:54:17.036Z"}}, {"model": "main.parametersetperiod", "pk": 1621, "fields": {"parameter_set": 5, "period_number": 50, "period_type": "Fixed Pay", "survey_required": false, "survey_link": "", "show_notice": false, "notice_text": "<p>Notice Text Here</p>", "minimum_wrist_minutes": 1200, "show_graph_1": true, "graph_1_start_period_number": 29, "graph_1_end_period_number": 42, "show_graph_2": true, "graph_2_start_period_number": 43, "graph_2_end_period_number": 56, "pay_block": 8, "timestamp": "2022-05-05T22:54:16.150Z", "updated": "2022-05-05T22:54:17.046Z"}}, {"model": "main.parametersetperiod", "pk": 1622, "fields": {"parameter_set": 5, "period_number": 51, "period_type": "Fixed Pay", "survey_required": false, "survey_link": "", "show_notice": false, "notice_text": "<p>Notice Text Here</p>", "minimum_wrist_minutes": 1200, "show_graph_1": true, "graph_1_start_period_number": 29, "graph_1_end_period_number": 42, "show_graph_2": true, "graph_2_start_period_number": 43, "graph_2_end_period_number": 56, "pay_block": 8, "timestamp": "2022-05-05T22:54:16.166Z", "updated": "2022-05-05T22:54:17.057Z"}}, {"model": "main.parametersetperiod", "pk": 1623, "fields": {"parameter_set": 5, "period_number": 52, "period_type": "Fixed Pay", "survey_required": false, "survey_link": "", "show_notice": false, "notice_text": "Notice Text Here", "minimum_wrist_minutes": 1200, "show_graph_1": true, "graph_1_start_period_number": 29, "graph_1_end_period_number": 42, "show_graph_2": true, "graph_2_start_period_number": 43, "graph_2_end_period_number": 56, "pay_block": 8, "timestamp": "2022-05-05T22:54:16.181Z", "updated": "2022-05-05T22:54:17.072Z"}}, {"model": "main.parametersetperiod", "pk": 1624, "fields": {"parameter_set": 5, "period_number": 53, "period_type": "Fixed Pay", "survey_required": false, "survey_link": "", "show_notice": false, "notice_text": "Notice Text Here", "minimum_wrist_minutes": 1200, "show_graph_1": true, "graph_1_start_period_number": 29, "graph_1_end_period_number": 42, "show_graph_2": true, "graph_2_start_period_number": 43, "graph_2_end_period_number": 56, "pay_block": 8, "timestamp": "2022-05-05T22:54:16.197Z", "updated": "2022-05-05T22:54:17.083Z"}}, {"model": "main.parametersetperiod", "pk": 1625, "fields": {"parameter_set": 5, "period_number": 54, "period_type": "Fixed Pay", "survey_required": false, "survey_link": "", "show_notice": false, "notice_text": "Notice Text Here", "minimum_wrist_minutes": 1200, "show_graph_1": true, "graph_1_start_period_number": 29, "graph_1_end_period_number": 42, "show_graph_2": true, "graph_2_start_period_number": 43, "graph_2_end_period_number": 56, "pay_block": 8, "timestamp": "2022-05-05T22:54:16.215Z", "updated": "2022-05-05T22:54:17.093Z"}}, {"model": "main.parametersetperiod", "pk": 1626, "fields": {"parameter_set": 5, "period_number": 55, "period_type": "Fixed Pay", "survey_required": false, "survey_link": "", "show_notice": false, "notice_text": "Notice Text Here", "minimum_wrist_minutes": 1200, "show_graph_1": true, "graph_1_start_period_number": 29, "graph_1_end_period_number": 42, "show_graph_2": true, "graph_2_start_period_number": 43, "graph_2_end_period_number": 56, "pay_block": 8, "timestamp": "2022-05-05T22:54:16.231Z", "updated": "2022-05-05T22:54:17.103Z"}}, {"model": "main.parametersetperiod", "pk": 1627, "fields": {"parameter_set": 5, "period_number": 56, "period_type": "Fixed Pay", "survey_required": true, "survey_link": "https://chapmanu.co1.qualtrics.com/jfe/form/SV_3BDbgKZAk8QhFEq", "show_notice": false, "notice_text": "<p>Notice Text Here</p>", "minimum_wrist_minutes": 1200, "show_graph_1": true, "graph_1_start_period_number": 29, "graph_1_end_period_number": 42, "show_graph_2": true, "graph_2_start_period_number": 43, "graph_2_end_period_number": 56, "pay_block": 8, "timestamp": "2022-05-05T22:54:16.247Z", "updated": "2022-05-05T22:54:17.114Z"}}, {"model": "main.parametersetperiod", "pk": 1628, "fields": {"parameter_set": 5, "period_number": 57, "period_type": "No Pay", "survey_required": false, "survey_link": "", "show_notice": true, "notice_text": "<p>T<span style=\"font-size: 14pt;\">he way you earn money has changed. You and your partner will no longer earn money for checking in each.&nbsp; However, if you continue to check in each day, you will be allowed to keep your Fitbit.</span></p>\n<p><span style=\"font-size: 14pt;\">For more information press the help buttons (?) in each frame.</span></p>", "minimum_wrist_minutes": 1200, "show_graph_1": true, "graph_1_start_period_number": 43, "graph_1_end_period_number": 56, "show_graph_2": true, "graph_2_start_period_number": 57, "graph_2_end_period_number": 70, "pay_block": 9, "timestamp": "2022-05-05T22:54:16.263Z", "updated": "2022-05-05T22:54:17.125Z"}}, {"model": "main.parametersetperiod", "pk": 1629, "fields": {"parameter_set": 5, "period_number": 58, "period_type": "No Pay", "survey_required": false, "survey_link": "", "show_notice": false, "notice_text": "<p>Notice Text Here</p>", "minimum_wrist_minutes": 1200, "show_graph_1": true, "graph_1_start_period_number": 43, "graph_1_end_period_number": 56, "show_graph_2": true, "graph_2_start_period_number": 57, "graph_2_end_period_number": 70, "pay_block": 9, "timestamp": "2022-05-05T22:54:16.279Z", "updated": "2022-05-05T22:54:17.136Z"}}, {"model": "main.parametersetperiod", "pk": 1630, "fields": {"parameter_set": 5, "period_number": 59, "period_type": "No Pay", "survey_required": false, "survey_link": "", "show_notice": false, "notice_text": "Notice Text Here", "minimum_wrist_minutes": 1200, "show_graph_1": true, "graph_1_start_period_number": 43, "graph_1_end_period_number": 56, "show_graph_2": true, "graph_2_start_period_number": 57, "graph_2_end_period_number": 70, "pay_block": 9, "timestamp": "2022-05-05T22:54:16.294Z", "updated": "2022-05-05T22:54:17.147Z"}}, {"model": "main.parametersetperiod", "pk": 1631, "fields": {"parameter_set": 5, "period_number": 60, "period_type": "No Pay", "survey_required": false, "survey_link": "", "show_notice": false, "notice_text": "Notice Text Here", "minimum_wrist_minutes": 1200, "show_graph_1": true, "graph_1_start_period_number": 43, "graph_1_end_period_number": 56, "show_graph_2": true, "graph_2_start_period_number": 57, "graph_2_end_period_number": 70, "pay_block": 9, "timestamp": "2022-05-05T22:54:16.310Z", "updated": "2022-05-05T22:54:17.158Z"}}, {"model": "main.parametersetperiod", "pk": 1632, "fields": {"parameter_set": 5, "period_number": 61, "period_type": "No Pay", "survey_required": false, "survey_link": "", "show_notice": false, "notice_text": "Notice Text Here", "minimum_wrist_minutes": 1200, "show_graph_1": true, "graph_1_start_period_number": 43, "graph_1_end_period_number": 56, "show_graph_2": true, "graph_2_start_period_number": 57, "graph_2_end_period_number": 70, "pay_block": 9, "timestamp": "2022-05-05T22:54:16.325Z", "updated": "2022-05-05T22:54:17.169Z"}}, {"model": "main.parametersetperiod", "pk": 1633, "fields": {"parameter_set": 5, "period_number": 62, "period_type": "No Pay", "survey_required": false, "survey_link": "", "show_notice": false, "notice_text": "Notice Text Here", "minimum_wrist_minutes": 1200, "show_graph_1": true, "graph_1_start_period_number": 43, "graph_1_end_period_number": 56, "show_graph_2": true, "graph_2_start_period_number": 57, "graph_2_end_period_number": 70, "pay_block": 9, "timestamp": "2022-05-05T22:54:16.346Z", "updated": "2022-05-05T22:54:17.181Z"}}, {"model": "main.parametersetperiod", "pk": 1634, "fields": {"parameter_set": 5, "period_number": 63, "period_type": "No Pay", "survey_required": false, "survey_link": "", "show_notice": false, "notice_text": "Notice Text Here", "minimum_wrist_minutes": 1200, "show_graph_1": true, "graph_1_start_period_number": 43, "graph_1_end_period_number": 56, "show_graph_2": true, "graph_2_start_period_number": 57, "graph_2_end_period_number": 70, "pay_block": 9, "timestamp": "2022-05-05T22:54:16.365Z", "updated": "2022-05-05T22:54:17.194Z"}}, {"model": "main.parametersetperiod", "pk": 1635, "fields": {"parameter_set": 5, "period_number": 64, "period_type": "No Pay", "survey_required": false, "survey_link": "", "show_notice": false, "notice_text": "Notice Text Here", "minimum_wrist_minutes": 1200, "show_graph_1": true, "graph_1_start_period_number": 43, "graph_1_end_period_number": 56, "show_graph_2": true, "graph_2_start_period_number": 57, "graph_2_end_period_number": 70, "pay_block": 9, "timestamp": "2022-05-05T22:54:16.381Z", "updated": "2022-05-05T22:54:17.208Z"}}, {"model": "main.parametersetperiod", "pk": 1636, "fields": {"parameter_set": 5, "period_number": 65, "period_type": "No Pay", "survey_required": false, "survey_link": "", "show_notice": false, "notice_text": "<p>Notice Text Here</p>", "minimum_wrist_minutes": 1200, "show_graph_1": true, "graph_1_start_period_number": 43, "graph_1_end_period_number": 56, "show_graph_2": true, "graph_2_start_period_number": 57, "graph_2_end_period_number": 70, "pay_block": 9, "timestamp": "2022-05-05T22:54:16.397Z", "updated": "2022-05-05T22:54:17.220Z"}}, {"model": "main.parametersetperiod", "pk": 1637, "fields": {"parameter_set": 5, "period_number": 66, "period_type": "No Pay", "survey_required": false, "survey_link": "", "show_notice": false, "notice_text": "Notice Text Here", "minimum_wrist_minutes": 1200, "show_graph_1": true, "graph_1_start_period_number": 43, "graph_1_end_period_number": 56, "show_graph_2": true, "graph_2_start_period_number": 57, "graph_2_end_period_number": 70, "pay_block": 9, "timestamp": "2022-05-05T22:54:16.414Z", "updated": "2022-05-05T22:54:17.230Z"}}, {"model": "main.parametersetperiod", "pk": 1638, "fields": {"parameter_set": 5, "period_number": 67, "period_type": "No Pay", "survey_required": false, "survey_link": "", "show_notice": false, "notice_text": "Notice Text Here", "minimum_wrist_minutes": 1200, "show_graph_1": true, "graph_1_start_period_number": 43, "graph_1_end_period_number": 56, "show_graph_2": true, "graph_2_start_period_number": 57, "graph_2_end_period_number": 70, "pay_block": 9, "timestamp": "2022-05-05T22:54:16.431Z", "updated": "2022-05-05T22:54:17.240Z"}}, {"model": "main.parametersetperiod", "pk": 1639, "fields": {"parameter_set": 5, "period_number": 68, "period_type": "No Pay", "survey_required": false, "survey_link": "", "show_notice": false, "notice_text": "Notice Text Here", "minimum_wrist_minutes": 1200, "show_graph_1": true, "graph_1_start_period_number": 43, "graph_1_end_period_number": 56, "show_graph_2": true, "graph_2_start_period_number": 57, "graph_2_end_period_number": 70, "pay_block": 9, "timestamp": "2022-05-05T22:54:16.447Z", "updated": "2022-05-05T22:54:17.249Z"}}, {"model": "main.parametersetperiod", "pk": 1640, "fields": {"parameter_set": 5, "period_number": 69, "period_type": "No Pay", "survey_required": false, "survey_link": "", "show_notice": false, "notice_text": "Notice Text Here", "minimum_wrist_minutes": 1200, "show_graph_1": true, "graph_1_start_period_number": 43, "graph_1_end_period_number": 56, "show_graph_2": true, "graph_2_start_period_number": 57, "graph_2_end_period_number": 70, "pay_block": 9, "timestamp": "2022-05-05T22:54:16.465Z", "updated": "2022-05-05T22:54:17.259Z"}}, {"model": "main.parametersetperiod", "pk": 1641, "fields": {"parameter_set": 5, "period_number": 70, "period_type": "No Pay", "survey_required": false, "survey_link": "", "show_notice": false, "notice_text": "Notice Text Here", "minimum_wrist_minutes": 1200, "show_graph_1": true, "graph_1_start_period_number": 43, "graph_1_end_period_number": 56, "show_graph_2": true, "graph_2_start_period_number": 57, "graph_2_end_period_number": 70, "pay_block": 9, "timestamp": "2022-05-05T22:54:16.482Z", "updated": "2022-05-05T22:54:17.268Z"}}, {"model": "main.parametersetperiodpayment", "pk": 1817, "fields": {"parameter_set_period": 221, "parameter_set_zone_minutes": 49, "payment": "0.00", "group_bonus": "0.00", "timestamp": "2022-03-22T19:39:19.811Z", "updated": "2022-03-22T19:39:19.811Z"}}, {"model": "main.parametersetperiodpayment", "pk": 10863, "fields": {"parameter_set_period": 1572, "parameter_set_zone_minutes": 131, "payment": "3.00", "group_bonus": "0.00", "timestamp": "2022-05-05T22:54:15.353Z", "updated": "2022-05-05T22:54:16.501Z"}}, {"model": "main.parametersetperiodpayment", "pk": 10864, "fields": {"parameter_set_period": 1572, "parameter_set_zone_minutes": 132, "payment": "3.00", "group_bonus": "0.00", "timestamp": "2022-05-05T22:54:15.357Z", "updated": "2022-05-05T22:54:16.503Z"}}, {"model": "main.parametersetperiodpayment", "pk": 10865, "fields": {"parameter_set_period": 1572, "parameter_set_zone_minutes": 133, "payment": "3.00", "group_bonus": "0.00", "timestamp": "2022-05-05T22:54:15.360Z", "updated": "2022-05-05T22:54:16.507Z"}}, {"model": "main.parametersetperiodpayment", "pk": 10866, "fields": {"parameter_set_period": 1572, "parameter_set_zone_minutes": 134, "payment": "3.00", "group_bonus": "0.00", "timestamp": "2022-05-05T22:54:15.363Z", "updated": "2022-05-05T22:54:16.509Z"}}, {"model": "main.parametersetperiodpayment", "pk": 10867, "fields": {"parameter_set_period": 1573, "parameter_set_zone_minutes": 131, "payment": "3.00", "group_bonus": "0.00", "timestamp": "2022-05-05T22:54:15.371Z", "updated": "2022-05-05T22:54:16.514Z"}}, {"model": "main.parametersetperiodpayment", "pk": 10868, "fields": {"parameter_set_period": 1573, "parameter_set_zone_minutes": 132, "payment": "3.00", "group_bonus": "0.00", "timestamp": "2022-05-05T22:54:15.373Z", "updated": "2022-05-05T22:54:16.515Z"}}, {"model": "main.parametersetperiodpayment", "pk": 10869, "fields": {"parameter_set_period": 1573, "parameter_set_zone_minutes": 133, "payment": "3.00", "group_bonus": "0.00", "timestamp": "2022-05-05T22:54:15.376Z", "updated": "2022-05-05T22:54:16.517Z"}}, {"model": "main.parametersetperiodpayment", "pk": 10870, "fields": {"parameter_set_period": 1573, "parameter_set_zone_minutes": 134, "payment": "3.00", "group_bonus": "0.00", "timestamp": "2022-05-05T22:54:15.379Z", "updated": "2022-05-05T22:54:16.519Z"}}, {"model": "main.parametersetperiodpayment", "pk": 10871, "fields": {"parameter_set_period": 1574, "parameter_set_zone_minutes": 131, "payment": "3.00", "group_bonus": "0.00", "timestamp": "2022-05-05T22:54:15.386Z", "updated": "2022-05-05T22:54:16.523Z"}}, {"model": "main.parametersetperiodpayment", "pk": 10872, "fields": {"parameter_set_period": 1574, "parameter_set_zone_minutes": 132, "payment": "3.00", "group_bonus": "0.00", "timestamp": "2022-05-05T22:54:15.390Z", "updated": "2022-05-05T22:54:16.525Z"}}, {"model": "main.parametersetperiodpayment", "pk": 10873, "fields": {"parameter_set_period": 1574, "parameter_set_zone_minutes": 133, "payment": "3.00", "group_bonus": "0.00", "timestamp": "2022-05-05T22:54:15.393Z", "updated": "2022-05-05T22:54:16.527Z"}}, {"model": "main.parametersetperiodpayment", "pk": 10874, "fields": {"parameter_set_period": 1574, "parameter_set_zone_minutes": 134, "payment": "3.00", "group_bonus": "0.00", "timestamp": "2022-05-05T22:54:15.395Z", "updated": "2022-05-05T22:54:16.529Z"}}, {"model": "main.parametersetperiodpayment", "pk": 10875, "fields": {"parameter_set_period": 1575, "parameter_set_zone_minutes": 131, "payment": "3.00", "group_bonus": "0.00", "timestamp": "2022-05-05T22:54:15.402Z", "updated": "2022-05-05T22:54:16.534Z"}}, {"model": "main.parametersetperiodpayment", "pk": 10876, "fields": {"parameter_set_period": 1575, "parameter_set_zone_minutes": 132, "payment": "3.00", "group_bonus": "0.00", "timestamp": "2022-05-05T22:54:15.406Z", "updated": "2022-05-05T22:54:16.536Z"}}, {"model": "main.parametersetperiodpayment", "pk": 10877, "fields": {"parameter_set_period": 1575, "parameter_set_zone_minutes": 133, "payment": "3.00", "group_bonus": "0.00", "timestamp": "2022-05-05T22:54:15.409Z", "updated": "2022-05-05T22:54:16.538Z"}}, {"model": "main.parametersetperiodpayment", "pk": 10878, "fields": {"parameter_set_period": 1575, "parameter_set_zone_minutes": 134, "payment": "3.00", "group_bonus": "0.00", "timestamp": "2022-05-05T22:54:15.411Z", "updated": "2022-05-05T22:54:16.540Z"}}, {"model": "main.parametersetperiodpayment", "pk": 10879, "fields": {"parameter_set_period": 1576, "parameter_set_zone_minutes": 131, "payment": "3.00", "group_bonus": "0.00", "timestamp": "2022-05-05T22:54:15.418Z", "updated": "2022-05-05T22:54:16.545Z"}}, {"model": "main.parametersetperiodpayment", "pk": 10880, "fields": {"parameter_set_period": 1576, "parameter_set_zone_minutes": 132, "payment": "3.00", "group_bonus": "0.00", "timestamp": "2022-05-05T22:54:15.421Z", "updated": "2022-05-05T22:54:16.547Z"}}, {"model": "main.parametersetperiodpayment", "pk": 10881, "fields": {"parameter_set_period": 1576, "parameter_set_zone_minutes": 133, "payment": "3.00", "group_bonus": "0.00", "timestamp": "2022-05-05T22:54:15.424Z", "updated": "2022-05-05T22:54:16.549Z"}}, {"model": "main.parametersetperiodpayment", "pk": 10882, "fields": {"parameter_set_period": 1576, "parameter_set_zone_minutes": 134, "payment": "3.00", "group_bonus": "0.00", "timestamp": "2022-05-05T22:54:15.427Z", "updated": "2022-05-05T22:54:16.551Z"}}, {"model": "main.parametersetperiodpayment", "pk": 10883, "fields": {"parameter_set_period": 1577, "parameter_set_zone_minutes": 131, "payment": "3.00", "group_bonus": "0.00", "timestamp": "2022-05-05T22:54:15.434Z", "updated": "2022-05-05T22:54:16.558Z"}}, {"model": "main.parametersetperiodpayment", "pk": 10884, "fields": {"parameter_set_period": 1577, "parameter_set_zone_minutes": 132, "payment": "3.00", "group_bonus": "0.00", "timestamp": "2022-05-05T22:54:15.437Z", "updated": "2022-05-05T22:54:16.560Z"}}, {"model": "main.parametersetperiodpayment", "pk": 10885, "fields": {"parameter_set_period": 1577, "parameter_set_zone_minutes": 133, "payment": "3.00", "group_bonus": "0.00", "timestamp": "2022-05-05T22:54:15.441Z", "updated": "2022-05-05T22:54:16.561Z"}}, {"model": "main.parametersetperiodpayment", "pk": 10886, "fields": {"parameter_set_period": 1577, "parameter_set_zone_minutes": 134, "payment": "3.00", "group_bonus": "0.00", "timestamp": "2022-05-05T22:54:15.444Z", "updated": "2022-05-05T22:54:16.564Z"}}, {"model": "main.parametersetperiodpayment", "pk": 10887, "fields": {"parameter_set_period": 1578, "parameter_set_zone_minutes": 131, "payment": "3.00", "group_bonus": "0.00", "timestamp": "2022-05-05T22:54:15.450Z", "updated": "2022-05-05T22:54:16.570Z"}}, {"model": "main.parametersetperiodpayment", "pk": 10888, "fields": {"parameter_set_period": 1578, "parameter_set_zone_minutes": 132, "payment": "3.00", "group_bonus": "0.00", "timestamp": "2022-05-05T22:54:15.454Z", "updated": "2022-05-05T22:54:16.572Z"}}, {"model": "main.parametersetperiodpayment", "pk": 10889, "fields": {"parameter_set_period": 1578, "parameter_set_zone_minutes": 133, "payment": "3.00", "group_bonus": "0.00", "timestamp": "2022-05-05T22:54:15.457Z", "updated": "2022-05-05T22:54:16.574Z"}}, {"model": "main.parametersetperiodpayment", "pk": 10890, "fields": {"parameter_set_period": 1578, "parameter_set_zone_minutes": 134, "payment": "3.00", "group_bonus": "0.00", "timestamp": "2022-05-05T22:54:15.460Z", "updated": "2022-05-05T22:54:16.576Z"}}, {"model": "main.parametersetperiodpayment", "pk": 10891, "fields": {"parameter_set_period": 1579, "parameter_set_zone_minutes": 131, "payment": "3.00", "group_bonus": "0.00", "timestamp": "2022-05-05T22:54:15.466Z", "updated": "2022-05-05T22:54:16.581Z"}}, {"model": "main.parametersetperiodpayment", "pk": 10892, "fields": {"parameter_set_period": 1579, "parameter_set_zone_minutes": 132, "payment": "3.00", "group_bonus": "0.00", "timestamp": "2022-05-05T22:54:15.469Z", "updated": "2022-05-05T22:54:16.583Z"}}, {"model": "main.parametersetperiodpayment", "pk": 10893, "fields": {"parameter_set_period": 1579, "parameter_set_zone_minutes": 133, "payment": "3.00", "group_bonus": "0.00", "timestamp": "2022-05-05T22:54:15.472Z", "updated": "2022-05-05T22:54:16.584Z"}}, {"model": "main.parametersetperiodpayment", "pk": 10894, "fields": {"parameter_set_period": 1579, "parameter_set_zone_minutes": 134, "payment": "3.00", "group_bonus": "0.00", "timestamp": "2022-05-05T22:54:15.474Z", "updated": "2022-05-05T22:54:16.586Z"}}, {"model": "main.parametersetperiodpayment", "pk": 10895, "fields": {"parameter_set_period": 1580, "parameter_set_zone_minutes": 131, "payment": "3.00", "group_bonus": "0.00", "timestamp": "2022-05-05T22:54:15.482Z", "updated": "2022-05-05T22:54:16.591Z"}}, {"model": "main.parametersetperiodpayment", "pk": 10896, "fields": {"parameter_set_period": 1580, "parameter_set_zone_minutes": 132, "payment": "3.00", "group_bonus": "0.00", "timestamp": "2022-05-05T22:54:15.484Z", "updated": "2022-05-05T22:54:16.593Z"}}, {"model": "main.parametersetperiodpayment", "pk": 10897, "fields": {"parameter_set_period": 1580, "parameter_set_zone_minutes": 133, "payment": "3.00", "group_bonus": "0.00", "timestamp": "2022-05-05T22:54:15.487Z", "updated": "2022-05-05T22:54:16.595Z"}}, {"model": "main.parametersetperiodpayment", "pk": 10898, "fields": {"parameter_set_period": 1580, "parameter_set_zone_minutes": 134, "payment": "3.00", "group_bonus": "0.00", "timestamp": "2022-05-05T22:54:15.490Z", "updated": "2022-05-05T22:54:16.597Z"}}, {"model": "main.parametersetperiodpayment", "pk": 10899, "fields": {"parameter_set_period": 1581, "parameter_set_zone_minutes": 131, "payment": "3.00", "group_bonus": "0.00", "timestamp": "2022-05-05T22:54:15.502Z", "updated": "2022-05-05T22:54:16.602Z"}}, {"model": "main.parametersetperiodpayment", "pk": 10900, "fields": {"parameter_set_period": 1581, "parameter_set_zone_minutes": 132, "payment": "3.00", "group_bonus": "0.00", "timestamp": "2022-05-05T22:54:15.505Z", "updated": "2022-05-05T22:54:16.604Z"}}, {"model": "main.parametersetperiodpayment", "pk": 10901, "fields": {"parameter_set_period": 1581, "parameter_set_zone_minutes": 133, "payment": "3.00", "group_bonus": "0.00", "timestamp": "2022-05-05T22:54:15.508Z", "updated": "2022-05-05T22:54:16.606Z"}}, {"model": "main.parametersetperiodpayment", "pk": 10902, "fields": {"parameter_set_period": 1581, "parameter_set_zone_minutes": 134, "payment": "3.00", "group_bonus": "0.00", "timestamp": "2022-05-05T22:54:15.511Z", "updated": "2022-05-05T22:54:16.608Z"}}, {"model": "main.parametersetperiodpayment", "pk": 10903, "fields": {"parameter_set_period": 1582, "parameter_set_zone_minutes": 131, "payment": "3.00", "group_bonus": "0.00", "timestamp": "2022-05-05T22:54:15.518Z", "updated": "2022-05-05T22:54:16.612Z"}}, {"model": "main.parametersetperiodpayment", "pk": 10904, "fields": {"parameter_set_period": 1582, "parameter_set_zone_minutes": 132, "payment": "3.00", "group_bonus": "0.00", "timestamp": "2022-05-05T22:54:15.521Z", "updated": "2022-05-05T22:54:16.614Z"}}, {"model": "main.parametersetperiodpayment", "pk": 10905, "fields": {"parameter_set_period": 1582, "parameter_set_zone_minutes": 133, "payment": "3.00", "group_bonus": "0.00", "timestamp": "2022-05-05T22:54:15.524Z", "updated": "2022-05-05T22:54:16.616Z"}}, {"model": "main.parametersetperiodpayment", "pk": 10906, "fields": {"parameter_set_period": 1582, "parameter_set_zone_minutes": 134, "payment": "3.00", "group_bonus": "0.00", "timestamp": "2022-05-05T22:54:15.527Z", "updated": "2022-05-05T22:54:16.622Z"}}, {"model": "main.parametersetperiodpayment", "pk": 10907, "fields": {"parameter_set_period": 1583, "parameter_set_zone_minutes": 131, "payment": "3.00", "group_bonus": "0.00", "timestamp": "2022-05-05T22:54:15.534Z", "updated": "2022-05-05T22:54:16.627Z"}}, {"model": "main.parametersetperiodpayment", "pk": 10908, "fields": {"parameter_set_period": 1583, "parameter_set_zone_minutes": 132, "payment": "3.00", "group_bonus": "0.00", "timestamp": "2022-05-05T22:54:15.537Z", "updated": "2022-05-05T22:54:16.629Z"}}, {"model": "main.parametersetperiodpayment", "pk": 10909, "fields": {"parameter_set_period": 1583, "parameter_set_zone_minutes": 133, "payment": "3.00", "group_bonus": "0.00", "timestamp": "2022-05-05T22:54:15.540Z", "updated": "2022-05-05T22:54:16.631Z"}}, {"model": "main.parametersetperiodpayment", "pk": 10910, "fields": {"parameter_set_period": 1583, "parameter_set_zone_minutes": 134, "payment": "3.00", "group_bonus": "0.00", "timestamp": "2022-05-05T22:54:15.543Z", "updated": "2022-05-05T22:54:16.633Z"}}, {"model": "main.parametersetperiodpayment", "pk": 10911, "fields": {"parameter_set_period": 1584, "parameter_set_zone_minutes": 131, "payment": "3.00", "group_bonus": "0.00", "timestamp": "2022-05-05T22:54:15.549Z", "updated": "2022-05-05T22:54:16.638Z"}}, {"model": "main.parametersetperiodpayment", "pk": 10912, "fields": {"parameter_set_period": 1584, "parameter_set_zone_minutes": 132, "payment": "3.00", "group_bonus": "0.00", "timestamp": "2022-05-05T22:54:15.552Z", "updated": "2022-05-05T22:54:16.640Z"}}, {"model": "main.parametersetperiodpayment", "pk": 10913, "fields": {"parameter_set_period": 1584, "parameter_set_zone_minutes": 133, "payment": "3.00", "group_bonus": "0.00", "timestamp": "2022-05-05T22:54:15.555Z", "updated": "2022-05-05T22:54:16.641Z"}}, {"model": "main.parametersetperiodpayment", "pk": 10914, "fields": {"parameter_set_period": 1584, "parameter_set_zone_minutes": 134, "payment": "3.00", "group_bonus": "0.00", "timestamp": "2022-05-05T22:54:15.558Z", "updated": "2022-05-05T22:54:16.643Z"}}, {"model": "main.parametersetperiodpayment", "pk": 10915, "fields": {"parameter_set_period": 1585, "parameter_set_zone_minutes": 131, "payment": "3.00", "group_bonus": "0.00", "timestamp": "2022-05-05T22:54:15.564Z", "updated": "2022-05-05T22:54:16.648Z"}}, {"model": "main.parametersetperiodpayment", "pk": 10916, "fields": {"parameter_set_period": 1585, "parameter_set_zone_minutes": 132, "payment": "3.00", "group_bonus": "0.00", "timestamp": "2022-05-05T22:54:15.568Z", "updated": "2022-05-05T22:54:16.650Z"}}, {"model": "main.parametersetperiodpayment", "pk": 10917, "fields": {"parameter_set_period": 1585, "parameter_set_zone_minutes": 133, "payment": "3.00", "group_bonus": "0.00", "timestamp": "2022-05-05T22:54:15.571Z", "updated": "2022-05-05T22:54:16.652Z"}}, {"model": "main.parametersetperiodpayment", "pk": 10918, "fields": {"parameter_set_period": 1585, "parameter_set_zone_minutes": 134, "payment": "3.00", "group_bonus": "0.00", "timestamp": "2022-05-05T22:54:15.574Z", "updated": "2022-05-05T22:54:16.654Z"}}, {"model": "main.parametersetperiodpayment", "pk": 10919, "fields": {"parameter_set_period": 1586, "parameter_set_zone_minutes": 131, "payment": "0.00", "group_bonus": "0.00", "timestamp": "2022-05-05T22:54:15.581Z", "updated": "2022-05-05T22:54:16.659Z"}}, {"model": "main.parametersetperiodpayment", "pk": 10920, "fields": {"parameter_set_period": 1586, "parameter_set_zone_minutes": 132, "payment": "5.00", "group_bonus": "2.00", "timestamp": "2022-05-05T22:54:15.583Z", "updated": "2022-05-05T22:54:16.661Z"}}, {"model": "main.parametersetperiodpayment", "pk": 10921, "fields": {"parameter_set_period": 1586, "parameter_set_zone_minutes": 133, "payment": "7.00", "group_bonus": "4.00", "timestamp": "2022-05-05T22:54:15.586Z", "updated": "2022-05-05T22:54:16.663Z"}}, {"model": "main.parametersetperiodpayment", "pk": 10922, "fields": {"parameter_set_period": 1586, "parameter_set_zone_minutes": 134, "payment": "9.00", "group_bonus": "6.00", "timestamp": "2022-05-05T22:54:15.589Z", "updated": "2022-05-05T22:54:16.665Z"}}, {"model": "main.parametersetperiodpayment", "pk": 10923, "fields": {"parameter_set_period": 1587, "parameter_set_zone_minutes": 131, "payment": "0.00", "group_bonus": "0.00", "timestamp": "2022-05-05T22:54:15.596Z", "updated": "2022-05-05T22:54:16.670Z"}}, {"model": "main.parametersetperiodpayment", "pk": 10924, "fields": {"parameter_set_period": 1587, "parameter_set_zone_minutes": 132, "payment": "5.00", "group_bonus": "2.00", "timestamp": "2022-05-05T22:54:15.600Z", "updated": "2022-05-05T22:54:16.672Z"}}, {"model": "main.parametersetperiodpayment", "pk": 10925, "fields": {"parameter_set_period": 1587, "parameter_set_zone_minutes": 133, "payment": "7.00", "group_bonus": "4.00", "timestamp": "2022-05-05T22:54:15.602Z", "updated": "2022-05-05T22:54:16.674Z"}}, {"model": "main.parametersetperiodpayment", "pk": 10926, "fields": {"parameter_set_period": 1587, "parameter_set_zone_minutes": 134, "payment": "9.00", "group_bonus": "6.00", "timestamp": "2022-05-05T22:54:15.605Z", "updated": "2022-05-05T22:54:16.676Z"}}, {"model": "main.parametersetperiodpayment", "pk": 10927, "fields": {"parameter_set_period": 1588, "parameter_set_zone_minutes": 131, "payment": "0.00", "group_bonus": "0.00", "timestamp": "2022-05-05T22:54:15.612Z", "updated": "2022-05-05T22:54:16.681Z"}}, {"model": "main.parametersetperiodpayment", "pk": 10928, "fields": {"parameter_set_period": 1588, "parameter_set_zone_minutes": 132, "payment": "5.00", "group_bonus": "2.00", "timestamp": "2022-05-05T22:54:15.615Z", "updated": "2022-05-05T22:54:16.683Z"}}, {"model": "main.parametersetperiodpayment", "pk": 10929, "fields": {"parameter_set_period": 1588, "parameter_set_zone_minutes": 133, "payment": "7.00", "group_bonus": "4.00", "timestamp": "2022-05-05T22:54:15.618Z", "updated": "2022-05-05T22:54:16.685Z"}}, {"model": "main.parametersetperiodpayment", "pk": 10930, "fields": {"parameter_set_period": 1588, "parameter_set_zone_minutes": 134, "payment": "9.00", "group_bonus": "6.00", "timestamp": "2022-05-05T22:54:15.621Z", "updated": "2022-05-05T22:54:16.687Z"}}, {"model": "main.parametersetperiodpayment", "pk": 10931, "fields": {"parameter_set_period": 1589, "parameter_set_zone_minutes": 131, "payment": "0.00", "group_bonus": "0.00", "timestamp": "2022-05-05T22:54:15.628Z", "updated": "2022-05-05T22:54:16.692Z"}}, {"model": "main.parametersetperiodpayment", "pk": 10932, "fields": {"parameter_set_period": 1589, "parameter_set_zone_minutes": 132, "payment": "5.00", "group_bonus": "2.00", "timestamp": "2022-05-05T22:54:15.631Z", "updated": "2022-05-05T22:54:16.694Z"}}, {"model": "main.parametersetperiodpayment", "pk": 10933, "fields": {"parameter_set_period": 1589, "parameter_set_zone_minutes": 133, "payment": "7.00", "group_bonus": "4.00", "timestamp": "2022-05-05T22:54:15.634Z", "updated": "2022-05-05T22:54:16.696Z"}}, {"model": "main.parametersetperiodpayment", "pk": 10934, "fields": {"parameter_set_period": 1589, "parameter_set_zone_minutes": 134, "payment": "9.00", "group_bonus": "6.00", "timestamp": "2022-05-05T22:54:15.637Z", "updated": "2022-05-05T22:54:16.698Z"}}, {"model": "main.parametersetperiodpayment", "pk": 10935, "fields": {"parameter_set_period": 1590, "parameter_set_zone_minutes": 131, "payment": "0.00", "group_bonus": "0.00", "timestamp": "2022-05-05T22:54:15.644Z", "updated": "2022-05-05T22:54:16.702Z"}}, {"model": "main.parametersetperiodpayment", "pk": 10936, "fields": {"parameter_set_period": 1590, "parameter_set_zone_minutes": 132, "payment": "5.00", "group_bonus": "2.00", "timestamp": "2022-05-05T22:54:15.647Z", "updated": "2022-05-05T22:54:16.704Z"}}, {"model": "main.parametersetperiodpayment", "pk": 10937, "fields": {"parameter_set_period": 1590, "parameter_set_zone_minutes": 133, "payment": "7.00", "group_bonus": "4.00", "timestamp": "2022-05-05T22:54:15.650Z", "updated": "2022-05-05T22:54:16.706Z"}}, {"model": "main.parametersetperiodpayment", "pk": 10938, "fields": {"parameter_set_period": 1590, "parameter_set_zone_minutes": 134, "payment": "9.00", "group_bonus": "6.00", "timestamp": "2022-05-05T22:54:15.652Z", "updated": "2022-05-05T22:54:16.708Z"}}, {"model": "main.parametersetperiodpayment", "pk": 10939, "fields": {"parameter_set_period": 1591, "parameter_set_zone_minutes": 131, "payment": "0.00", "group_bonus": "0.00", "timestamp": "2022-05-05T22:54:15.659Z", "updated": "2022-05-05T22:54:16.712Z"}}, {"model": "main.parametersetperiodpayment", "pk": 10940, "fields": {"parameter_set_period": 1591, "parameter_set_zone_minutes": 132, "payment": "5.00", "group_bonus": "2.00", "timestamp": "2022-05-05T22:54:15.662Z", "updated": "2022-05-05T22:54:16.714Z"}}, {"model": "main.parametersetperiodpayment", "pk": 10941, "fields": {"parameter_set_period": 1591, "parameter_set_zone_minutes": 133, "payment": "7.00", "group_bonus": "4.00", "timestamp": "2022-05-05T22:54:15.665Z", "updated": "2022-05-05T22:54:16.716Z"}}, {"model": "main.parametersetperiodpayment", "pk": 10942, "fields": {"parameter_set_period": 1591, "parameter_set_zone_minutes": 134, "payment": "9.00", "group_bonus": "6.00", "timestamp": "2022-05-05T22:54:15.668Z", "updated": "2022-05-05T22:54:16.718Z"}}, {"model": "main.parametersetperiodpayment", "pk": 10943, "fields": {"parameter_set_period": 1592, "parameter_set_zone_minutes": 131, "payment": "0.00", "group_bonus": "0.00", "timestamp": "2022-05-05T22:54:15.679Z", "updated": "2022-05-05T22:54:16.723Z"}}, {"model": "main.parametersetperiodpayment", "pk": 10944, "fields": {"parameter_set_period": 1592, "parameter_set_zone_minutes": 132, "payment": "5.00", "group_bonus": "2.00", "timestamp": "2022-05-05T22:54:15.683Z", "updated": "2022-05-05T22:54:16.725Z"}}, {"model": "main.parametersetperiodpayment", "pk": 10945, "fields": {"parameter_set_period": 1592, "parameter_set_zone_minutes": 133, "payment": "7.00", "group_bonus": "4.00", "timestamp": "2022-05-05T22:54:15.686Z", "updated": "2022-05-05T22:54:16.726Z"}}, {"model": "main.parametersetperiodpayment", "pk": 10946, "fields": {"parameter_set_period": 1592, "parameter_set_zone_minutes": 134, "payment": "9.00", "group_bonus": "6.00", "timestamp": "2022-05-05T22:54:15.689Z", "updated": "2022-05-05T22:54:16.728Z"}}, {"model": "main.parametersetperiodpayment", "pk": 10947, "fields": {"parameter_set_period": 1593, "parameter_set_zone_minutes": 131, "payment": "0.00", "group_bonus": "0.00", "timestamp": "2022-05-05T22:54:15.695Z", "updated": "2022-05-05T22:54:16.736Z"}}, {"model": "main.parametersetperiodpayment", "pk": 10948, "fields": {"parameter_set_period": 1593, "parameter_set_zone_minutes": 132, "payment": "5.00", "group_bonus": "2.00", "timestamp": "2022-05-05T22:54:15.698Z", "updated": "2022-05-05T22:54:16.738Z"}}, {"model": "main.parametersetperiodpayment", "pk": 10949, "fields": {"parameter_set_period": 1593, "parameter_set_zone_minutes": 133, "payment": "7.00", "group_bonus": "4.00", "timestamp": "2022-05-05T22:54:15.701Z", "updated": "2022-05-05T22:54:16.740Z"}}, {"model": "main.parametersetperiodpayment", "pk": 10950, "fields": {"parameter_set_period": 1593, "parameter_set_zone_minutes": 134, "payment": "9.00", "group_bonus": "6.00", "timestamp": "2022-05-05T22:54:15.704Z", "updated": "2022-05-05T22:54:16.742Z"}}, {"model": "main.parametersetperiodpayment", "pk": 10951, "fields": {"parameter_set_period": 1594, "parameter_set_zone_minutes": 131, "payment": "0.00", "group_bonus": "0.00", "timestamp": "2022-05-05T22:54:15.711Z", "updated": "2022-05-05T22:54:16.747Z"}}, {"model": "main.parametersetperiodpayment", "pk": 10952, "fields": {"parameter_set_period": 1594, "parameter_set_zone_minutes": 132, "payment": "5.00", "group_bonus": "2.00", "timestamp": "2022-05-05T22:54:15.714Z", "updated": "2022-05-05T22:54:16.750Z"}}, {"model": "main.parametersetperiodpayment", "pk": 10953, "fields": {"parameter_set_period": 1594, "parameter_set_zone_minutes": 133, "payment": "7.00", "group_bonus": "4.00", "timestamp": "2022-05-05T22:54:15.717Z", "updated": "2022-05-05T22:54:16.752Z"}}, {"model": "main.parametersetperiodpayment", "pk": 10954, "fields": {"parameter_set_period": 1594, "parameter_set_zone_minutes": 134, "payment": "9.00", "group_bonus": "6.00", "timestamp": "2022-05-05T22:54:15.720Z", "updated": "2022-05-05T22:54:16.754Z"}}, {"model": "main.parametersetperiodpayment", "pk": 10955, "fields": {"parameter_set_period": 1595, "parameter_set_zone_minutes": 131, "payment": "0.00", "group_bonus": "0.00", "timestamp": "2022-05-05T22:54:15.727Z", "updated": "2022-05-05T22:54:16.759Z"}}, {"model": "main.parametersetperiodpayment", "pk": 10956, "fields": {"parameter_set_period": 1595, "parameter_set_zone_minutes": 132, "payment": "5.00", "group_bonus": "2.00", "timestamp": "2022-05-05T22:54:15.730Z", "updated": "2022-05-05T22:54:16.761Z"}}, {"model": "main.parametersetperiodpayment", "pk": 10957, "fields": {"parameter_set_period": 1595, "parameter_set_zone_minutes": 133, "payment": "7.00", "group_bonus": "4.00", "timestamp": "2022-05-05T22:54:15.732Z", "updated": "2022-05-05T22:54:16.763Z"}}, {"model": "main.parametersetperiodpayment", "pk": 10958, "fields": {"parameter_set_period": 1595, "parameter_set_zone_minutes": 134, "payment": "9.00", "group_bonus": "6.00", "timestamp": "2022-05-05T22:54:15.735Z", "updated": "2022-05-05T22:54:16.765Z"}}, {"model": "main.parametersetperiodpayment", "pk": 10959, "fields": {"parameter_set_period": 1596, "parameter_set_zone_minutes": 131, "payment": "0.00", "group_bonus": "0.00", "timestamp": "2022-05-05T22:54:15.742Z", "updated": "2022-05-05T22:54:16.770Z"}}, {"model": "main.parametersetperiodpayment", "pk": 10960, "fields": {"parameter_set_period": 1596, "parameter_set_zone_minutes": 132, "payment": "5.00", "group_bonus": "2.00", "timestamp": "2022-05-05T22:54:15.745Z", "updated": "2022-05-05T22:54:16.772Z"}}, {"model": "main.parametersetperiodpayment", "pk": 10961, "fields": {"parameter_set_period": 1596, "parameter_set_zone_minutes": 133, "payment": "7.00", "group_bonus": "4.00", "timestamp": "2022-05-05T22:54:15.748Z", "updated": "2022-05-05T22:54:16.774Z"}}, {"model": "main.parametersetperiodpayment", "pk": 10962, "fields": {"parameter_set_period": 1596, "parameter_set_zone_minutes": 134, "payment": "9.00", "group_bonus": "6.00", "timestamp": "2022-05-05T22:54:15.751Z", "updated": "2022-05-05T22:54:16.776Z"}}, {"model": "main.parametersetperiodpayment", "pk": 10963, "fields": {"parameter_set_period": 1597, "parameter_set_zone_minutes": 131, "payment": "0.00", "group_bonus": "0.00", "timestamp": "2022-05-05T22:54:15.758Z", "updated": "2022-05-05T22:54:16.781Z"}}, {"model": "main.parametersetperiodpayment", "pk": 10964, "fields": {"parameter_set_period": 1597, "parameter_set_zone_minutes": 132, "payment": "5.00", "group_bonus": "2.00", "timestamp": "2022-05-05T22:54:15.761Z", "updated": "2022-05-05T22:54:16.782Z"}}, {"model": "main.parametersetperiodpayment", "pk": 10965, "fields": {"parameter_set_period": 1597, "parameter_set_zone_minutes": 133, "payment": "7.00", "group_bonus": "4.00", "timestamp": "2022-05-05T22:54:15.764Z", "updated": "2022-05-05T22:54:16.784Z"}}, {"model": "main.parametersetperiodpayment", "pk": 10966, "fields": {"parameter_set_period": 1597, "parameter_set_zone_minutes": 134, "payment": "9.00", "group_bonus": "6.00", "timestamp": "2022-05-05T22:54:15.767Z", "updated": "2022-05-05T22:54:16.786Z"}}, {"model": "main.parametersetperiodpayment", "pk": 10967, "fields": {"parameter_set_period": 1598, "parameter_set_zone_minutes": 131, "payment": "0.00", "group_bonus": "0.00", "timestamp": "2022-05-05T22:54:15.775Z", "updated": "2022-05-05T22:54:16.791Z"}}, {"model": "main.parametersetperiodpayment", "pk": 10968, "fields": {"parameter_set_period": 1598, "parameter_set_zone_minutes": 132, "payment": "5.00", "group_bonus": "2.00", "timestamp": "2022-05-05T22:54:15.777Z", "updated": "2022-05-05T22:54:16.793Z"}}, {"model": "main.parametersetperiodpayment", "pk": 10969, "fields": {"parameter_set_period": 1598, "parameter_set_zone_minutes": 133, "payment": "7.00", "group_bonus": "4.00", "timestamp": "2022-05-05T22:54:15.781Z", "updated": "2022-05-05T22:54:16.795Z"}}, {"model": "main.parametersetperiodpayment", "pk": 10970, "fields": {"parameter_set_period": 1598, "parameter_set_zone_minutes": 134, "payment": "9.00", "group_bonus": "6.00", "timestamp": "2022-05-05T22:54:15.784Z", "updated": "2022-05-05T22:54:16.797Z"}}, {"model": "main.parametersetperiodpayment", "pk": 10971, "fields": {"parameter_set_period": 1599, "parameter_set_zone_minutes": 131, "payment": "0.00", "group_bonus": "0.00", "timestamp": "2022-05-05T22:54:15.791Z", "updated": "2022-05-05T22:54:16.801Z"}}, {"model": "main.parametersetperiodpayment", "pk": 10972, "fields": {"parameter_set_period": 1599, "parameter_set_zone_minutes": 132, "payment": "5.00", "group_bonus": "2.00", "timestamp": "2022-05-05T22:54:15.794Z", "updated": "2022-05-05T22:54:16.803Z"}}, {"model": "main.parametersetperiodpayment", "pk": 10973, "fields": {"parameter_set_period": 1599, "parameter_set_zone_minutes": 133, "payment": "7.00", "group_bonus": "4.00", "timestamp": "2022-05-05T22:54:15.797Z", "updated": "2022-05-05T22:54:16.806Z"}}, {"model": "main.parametersetperiodpayment", "pk": 10974, "fields": {"parameter_set_period": 1599, "parameter_set_zone_minutes": 134, "payment": "9.00", "group_bonus": "6.00", "timestamp": "2022-05-05T22:54:15.799Z", "updated": "2022-05-05T22:54:16.808Z"}}, {"model": "main.parametersetperiodpayment", "pk": 10975, "fields": {"parameter_set_period": 1600, "parameter_set_zone_minutes": 131, "payment": "0.00", "group_bonus": "0.00", "timestamp": "2022-05-05T22:54:15.806Z", "updated": "2022-05-05T22:54:16.813Z"}}, {"model": "main.parametersetperiodpayment", "pk": 10976, "fields": {"parameter_set_period": 1600, "parameter_set_zone_minutes": 132, "payment": "5.00", "group_bonus": "2.00", "timestamp": "2022-05-05T22:54:15.809Z", "updated": "2022-05-05T22:54:16.815Z"}}, {"model": "main.parametersetperiodpayment", "pk": 10977, "fields": {"parameter_set_period": 1600, "parameter_set_zone_minutes": 133, "payment": "7.00", "group_bonus": "4.00", "timestamp": "2022-05-05T22:54:15.812Z", "updated": "2022-05-05T22:54:16.816Z"}}, {"model": "main.parametersetperiodpayment", "pk": 10978, "fields": {"parameter_set_period": 1600, "parameter_set_zone_minutes": 134, "payment": "9.00", "group_bonus": "6.00", "timestamp": "2022-05-05T22:54:15.814Z", "updated": "2022-05-05T22:54:16.818Z"}}, {"model": "main.parametersetperiodpayment", "pk": 10979, "fields": {"parameter_set_period": 1601, "parameter_set_zone_minutes": 131, "payment": "0.00", "group_bonus": "0.00", "timestamp": "2022-05-05T22:54:15.821Z", "updated": "2022-05-05T22:54:16.823Z"}}, {"model": "main.parametersetperiodpayment", "pk": 10980, "fields": {"parameter_set_period": 1601, "parameter_set_zone_minutes": 132, "payment": "5.00", "group_bonus": "2.00", "timestamp": "2022-05-05T22:54:15.824Z", "updated": "2022-05-05T22:54:16.824Z"}}, {"model": "main.parametersetperiodpayment", "pk": 10981, "fields": {"parameter_set_period": 1601, "parameter_set_zone_minutes": 133, "payment": "7.00", "group_bonus": "4.00", "timestamp": "2022-05-05T22:54:15.827Z", "updated": "2022-05-05T22:54:16.826Z"}}, {"model": "main.parametersetperiodpayment", "pk": 10982, "fields": {"parameter_set_period": 1601, "parameter_set_zone_minutes": 134, "payment": "9.00", "group_bonus": "6.00", "timestamp": "2022-05-05T22:54:15.830Z", "updated": "2022-05-05T22:54:16.828Z"}}, {"model": "main.parametersetperiodpayment", "pk": 10983, "fields": {"parameter_set_period": 1602, "parameter_set_zone_minutes": 131, "payment": "0.00", "group_bonus": "0.00", "timestamp": "2022-05-05T22:54:15.836Z", "updated": "2022-05-05T22:54:16.833Z"}}, {"model": "main.parametersetperiodpayment", "pk": 10984, "fields": {"parameter_set_period": 1602, "parameter_set_zone_minutes": 132, "payment": "5.00", "group_bonus": "2.00", "timestamp": "2022-05-05T22:54:15.840Z", "updated": "2022-05-05T22:54:16.834Z"}}, {"model": "main.parametersetperiodpayment", "pk": 10985, "fields": {"parameter_set_period": 1602, "parameter_set_zone_minutes": 133, "payment": "7.00", "group_bonus": "4.00", "timestamp": "2022-05-05T22:54:15.848Z", "updated": "2022-05-05T22:54:16.836Z"}}, {"model": "main.parametersetperiodpayment", "pk": 10986, "fields": {"parameter_set_period": 1602, "parameter_set_zone_minutes": 134, "payment": "9.00", "group_bonus": "6.00", "timestamp": "2022-05-05T22:54:15.851Z", "updated": "2022-05-05T22:54:16.842Z"}}, {"model": "main.parametersetperiodpayment", "pk": 10987, "fields": {"parameter_set_period": 1603, "parameter_set_zone_minutes": 131, "payment": "0.00", "group_bonus": "0.00", "timestamp": "2022-05-05T22:54:15.858Z", "updated": "2022-05-05T22:54:16.848Z"}}, {"model": "main.parametersetperiodpayment", "pk": 10988, "fields": {"parameter_set_period": 1603, "parameter_set_zone_minutes": 132, "payment": "5.00", "group_bonus": "2.00", "timestamp": "2022-05-05T22:54:15.861Z", "updated": "2022-05-05T22:54:16.852Z"}}, {"model": "main.parametersetperiodpayment", "pk": 10989, "fields": {"parameter_set_period": 1603, "parameter_set_zone_minutes": 133, "payment": "7.00", "group_bonus": "4.00", "timestamp": "2022-05-05T22:54:15.864Z", "updated": "2022-05-05T22:54:16.854Z"}}, {"model": "main.parametersetperiodpayment", "pk": 10990, "fields": {"parameter_set_period": 1603, "parameter_set_zone_minutes": 134, "payment": "9.00", "group_bonus": "6.00", "timestamp": "2022-05-05T22:54:15.866Z", "updated": "2022-05-05T22:54:16.856Z"}}, {"model": "main.parametersetperiodpayment", "pk": 10991, "fields": {"parameter_set_period": 1604, "parameter_set_zone_minutes": 131, "payment": "0.00", "group_bonus": "0.00", "timestamp": "2022-05-05T22:54:15.873Z", "updated": "2022-05-05T22:54:16.861Z"}}, {"model": "main.parametersetperiodpayment", "pk": 10992, "fields": {"parameter_set_period": 1604, "parameter_set_zone_minutes": 132, "payment": "5.00", "group_bonus": "2.00", "timestamp": "2022-05-05T22:54:15.876Z", "updated": "2022-05-05T22:54:16.863Z"}}, {"model": "main.parametersetperiodpayment", "pk": 10993, "fields": {"parameter_set_period": 1604, "parameter_set_zone_minutes": 133, "payment": "7.00", "group_bonus": "4.00", "timestamp": "2022-05-05T22:54:15.879Z", "updated": "2022-05-05T22:54:16.865Z"}}, {"model": "main.parametersetperiodpayment", "pk": 10994, "fields": {"parameter_set_period": 1604, "parameter_set_zone_minutes": 134, "payment": "9.00", "group_bonus": "6.00", "timestamp": "2022-05-05T22:54:15.882Z", "updated": "2022-05-05T22:54:16.867Z"}}, {"model": "main.parametersetperiodpayment", "pk": 10995, "fields": {"parameter_set_period": 1605, "parameter_set_zone_minutes": 131, "payment": "0.00", "group_bonus": "0.00", "timestamp": "2022-05-05T22:54:15.888Z", "updated": "2022-05-05T22:54:16.873Z"}}, {"model": "main.parametersetperiodpayment", "pk": 10996, "fields": {"parameter_set_period": 1605, "parameter_set_zone_minutes": 132, "payment": "5.00", "group_bonus": "2.00", "timestamp": "2022-05-05T22:54:15.891Z", "updated": "2022-05-05T22:54:16.875Z"}}, {"model": "main.parametersetperiodpayment", "pk": 10997, "fields": {"parameter_set_period": 1605, "parameter_set_zone_minutes": 133, "payment": "7.00", "group_bonus": "4.00", "timestamp": "2022-05-05T22:54:15.894Z", "updated": "2022-05-05T22:54:16.876Z"}}, {"model": "main.parametersetperiodpayment", "pk": 10998, "fields": {"parameter_set_period": 1605, "parameter_set_zone_minutes": 134, "payment": "9.00", "group_bonus": "6.00", "timestamp": "2022-05-05T22:54:15.897Z", "updated": "2022-05-05T22:54:16.878Z"}}, {"model": "main.parametersetperiodpayment", "pk": 10999, "fields": {"parameter_set_period": 1606, "parameter_set_zone_minutes": 131, "payment": "0.00", "group_bonus": "0.00", "timestamp": "2022-05-05T22:54:15.903Z", "updated": "2022-05-05T22:54:16.883Z"}}, {"model": "main.parametersetperiodpayment", "pk": 11000, "fields": {"parameter_set_period": 1606, "parameter_set_zone_minutes": 132, "payment": "5.00", "group_bonus": "2.00", "timestamp": "2022-05-05T22:54:15.906Z", "updated": "2022-05-05T22:54:16.885Z"}}, {"model": "main.parametersetperiodpayment", "pk": 11001, "fields": {"parameter_set_period": 1606, "parameter_set_zone_minutes": 133, "payment": "7.00", "group_bonus": "4.00", "timestamp": "2022-05-05T22:54:15.910Z", "updated": "2022-05-05T22:54:16.886Z"}}, {"model": "main.parametersetperiodpayment", "pk": 11002, "fields": {"parameter_set_period": 1606, "parameter_set_zone_minutes": 134, "payment": "9.00", "group_bonus": "6.00", "timestamp": "2022-05-05T22:54:15.914Z", "updated": "2022-05-05T22:54:16.888Z"}}, {"model": "main.parametersetperiodpayment", "pk": 11003, "fields": {"parameter_set_period": 1607, "parameter_set_zone_minutes": 131, "payment": "0.00", "group_bonus": "0.00", "timestamp": "2022-05-05T22:54:15.922Z", "updated": "2022-05-05T22:54:16.894Z"}}, {"model": "main.parametersetperiodpayment", "pk": 11004, "fields": {"parameter_set_period": 1607, "parameter_set_zone_minutes": 132, "payment": "5.00", "group_bonus": "2.00", "timestamp": "2022-05-05T22:54:15.926Z", "updated": "2022-05-05T22:54:16.896Z"}}, {"model": "main.parametersetperiodpayment", "pk": 11005, "fields": {"parameter_set_period": 1607, "parameter_set_zone_minutes": 133, "payment": "7.00", "group_bonus": "4.00", "timestamp": "2022-05-05T22:54:15.929Z", "updated": "2022-05-05T22:54:16.898Z"}}, {"model": "main.parametersetperiodpayment", "pk": 11006, "fields": {"parameter_set_period": 1607, "parameter_set_zone_minutes": 134, "payment": "9.00", "group_bonus": "6.00", "timestamp": "2022-05-05T22:54:15.932Z", "updated": "2022-05-05T22:54:16.900Z"}}, {"model": "main.parametersetperiodpayment", "pk": 11007, "fields": {"parameter_set_period": 1608, "parameter_set_zone_minutes": 131, "payment": "0.00", "group_bonus": "0.00", "timestamp": "2022-05-05T22:54:15.939Z", "updated": "2022-05-05T22:54:16.905Z"}}, {"model": "main.parametersetperiodpayment", "pk": 11008, "fields": {"parameter_set_period": 1608, "parameter_set_zone_minutes": 132, "payment": "5.00", "group_bonus": "2.00", "timestamp": "2022-05-05T22:54:15.941Z", "updated": "2022-05-05T22:54:16.907Z"}}, {"model": "main.parametersetperiodpayment", "pk": 11009, "fields": {"parameter_set_period": 1608, "parameter_set_zone_minutes": 133, "payment": "7.00", "group_bonus": "4.00", "timestamp": "2022-05-05T22:54:15.944Z", "updated": "2022-05-05T22:54:16.908Z"}}, {"model": "main.parametersetperiodpayment", "pk": 11010, "fields": {"parameter_set_period": 1608, "parameter_set_zone_minutes": 134, "payment": "9.00", "group_bonus": "6.00", "timestamp": "2022-05-05T22:54:15.947Z", "updated": "2022-05-05T22:54:16.910Z"}}, {"model": "main.parametersetperiodpayment", "pk": 11011, "fields": {"parameter_set_period": 1609, "parameter_set_zone_minutes": 131, "payment": "0.00", "group_bonus": "0.00", "timestamp": "2022-05-05T22:54:15.955Z", "updated": "2022-05-05T22:54:16.915Z"}}, {"model": "main.parametersetperiodpayment", "pk": 11012, "fields": {"parameter_set_period": 1609, "parameter_set_zone_minutes": 132, "payment": "5.00", "group_bonus": "2.00", "timestamp": "2022-05-05T22:54:15.958Z", "updated": "2022-05-05T22:54:16.916Z"}}, {"model": "main.parametersetperiodpayment", "pk": 11013, "fields": {"parameter_set_period": 1609, "parameter_set_zone_minutes": 133, "payment": "7.00", "group_bonus": "4.00", "timestamp": "2022-05-05T22:54:15.961Z", "updated": "2022-05-05T22:54:16.918Z"}}, {"model": "main.parametersetperiodpayment", "pk": 11014, "fields": {"parameter_set_period": 1609, "parameter_set_zone_minutes": 134, "payment": "9.00", "group_bonus": "6.00", "timestamp": "2022-05-05T22:54:15.964Z", "updated": "2022-05-05T22:54:16.920Z"}}, {"model": "main.parametersetperiodpayment", "pk": 11015, "fields": {"parameter_set_period": 1610, "parameter_set_zone_minutes": 131, "payment": "0.00", "group_bonus": "0.00", "timestamp": "2022-05-05T22:54:15.970Z", "updated": "2022-05-05T22:54:16.925Z"}}, {"model": "main.parametersetperiodpayment", "pk": 11016, "fields": {"parameter_set_period": 1610, "parameter_set_zone_minutes": 132, "payment": "5.00", "group_bonus": "2.00", "timestamp": "2022-05-05T22:54:15.973Z", "updated": "2022-05-05T22:54:16.926Z"}}, {"model": "main.parametersetperiodpayment", "pk": 11017, "fields": {"parameter_set_period": 1610, "parameter_set_zone_minutes": 133, "payment": "7.00", "group_bonus": "4.00", "timestamp": "2022-05-05T22:54:15.976Z", "updated": "2022-05-05T22:54:16.928Z"}}, {"model": "main.parametersetperiodpayment", "pk": 11018, "fields": {"parameter_set_period": 1610, "parameter_set_zone_minutes": 134, "payment": "9.00", "group_bonus": "6.00", "timestamp": "2022-05-05T22:54:15.978Z", "updated": "2022-05-05T22:54:16.930Z"}}, {"model": "main.parametersetperiodpayment", "pk": 11019, "fields": {"parameter_set_period": 1611, "parameter_set_zone_minutes": 131, "payment": "0.00", "group_bonus": "0.00", "timestamp": "2022-05-05T22:54:15.985Z", "updated": "2022-05-05T22:54:16.934Z"}}, {"model": "main.parametersetperiodpayment", "pk": 11020, "fields": {"parameter_set_period": 1611, "parameter_set_zone_minutes": 132, "payment": "5.00", "group_bonus": "2.00", "timestamp": "2022-05-05T22:54:15.987Z", "updated": "2022-05-05T22:54:16.936Z"}}, {"model": "main.parametersetperiodpayment", "pk": 11021, "fields": {"parameter_set_period": 1611, "parameter_set_zone_minutes": 133, "payment": "7.00", "group_bonus": "4.00", "timestamp": "2022-05-05T22:54:15.993Z", "updated": "2022-05-05T22:54:16.938Z"}}, {"model": "main.parametersetperiodpayment", "pk": 11022, "fields": {"parameter_set_period": 1611, "parameter_set_zone_minutes": 134, "payment": "9.00", "group_bonus": "6.00", "timestamp": "2022-05-05T22:54:15.996Z", "updated": "2022-05-05T22:54:16.940Z"}}, {"model": "main.parametersetperiodpayment", "pk": 11023, "fields": {"parameter_set_period": 1612, "parameter_set_zone_minutes": 131, "payment": "0.00", "group_bonus": "0.00", "timestamp": "2022-05-05T22:54:16.005Z", "updated": "2022-05-05T22:54:16.945Z"}}, {"model": "main.parametersetperiodpayment", "pk": 11024, "fields": {"parameter_set_period": 1612, "parameter_set_zone_minutes": 132, "payment": "5.00", "group_bonus": "2.00", "timestamp": "2022-05-05T22:54:16.008Z", "updated": "2022-05-05T22:54:16.949Z"}}, {"model": "main.parametersetperiodpayment", "pk": 11025, "fields": {"parameter_set_period": 1612, "parameter_set_zone_minutes": 133, "payment": "7.00", "group_bonus": "4.00", "timestamp": "2022-05-05T22:54:16.011Z", "updated": "2022-05-05T22:54:16.951Z"}}, {"model": "main.parametersetperiodpayment", "pk": 11026, "fields": {"parameter_set_period": 1612, "parameter_set_zone_minutes": 134, "payment": "9.00", "group_bonus": "6.00", "timestamp": "2022-05-05T22:54:16.014Z", "updated": "2022-05-05T22:54:16.954Z"}}, {"model": "main.parametersetperiodpayment", "pk": 11027, "fields": {"parameter_set_period": 1613, "parameter_set_zone_minutes": 131, "payment": "0.00", "group_bonus": "0.00", "timestamp": "2022-05-05T22:54:16.021Z", "updated": "2022-05-05T22:54:16.961Z"}}, {"model": "main.parametersetperiodpayment", "pk": 11028, "fields": {"parameter_set_period": 1613, "parameter_set_zone_minutes": 132, "payment": "5.00", "group_bonus": "2.00", "timestamp": "2022-05-05T22:54:16.024Z", "updated": "2022-05-05T22:54:16.964Z"}}, {"model": "main.parametersetperiodpayment", "pk": 11029, "fields": {"parameter_set_period": 1613, "parameter_set_zone_minutes": 133, "payment": "7.00", "group_bonus": "4.00", "timestamp": "2022-05-05T22:54:16.027Z", "updated": "2022-05-05T22:54:16.966Z"}}, {"model": "main.parametersetperiodpayment", "pk": 11030, "fields": {"parameter_set_period": 1613, "parameter_set_zone_minutes": 134, "payment": "9.00", "group_bonus": "6.00", "timestamp": "2022-05-05T22:54:16.030Z", "updated": "2022-05-05T22:54:16.968Z"}}, {"model": "main.parametersetperiodpayment", "pk": 11031, "fields": {"parameter_set_period": 1614, "parameter_set_zone_minutes": 131, "payment": "3.00", "group_bonus": "0.00", "timestamp": "2022-05-05T22:54:16.036Z", "updated": "2022-05-05T22:54:16.974Z"}}, {"model": "main.parametersetperiodpayment", "pk": 11032, "fields": {"parameter_set_period": 1614, "parameter_set_zone_minutes": 132, "payment": "3.00", "group_bonus": "0.00", "timestamp": "2022-05-05T22:54:16.039Z", "updated": "2022-05-05T22:54:16.976Z"}}, {"model": "main.parametersetperiodpayment", "pk": 11033, "fields": {"parameter_set_period": 1614, "parameter_set_zone_minutes": 133, "payment": "3.00", "group_bonus": "0.00", "timestamp": "2022-05-05T22:54:16.042Z", "updated": "2022-05-05T22:54:16.978Z"}}, {"model": "main.parametersetperiodpayment", "pk": 11034, "fields": {"parameter_set_period": 1614, "parameter_set_zone_minutes": 134, "payment": "3.00", "group_bonus": "0.00", "timestamp": "2022-05-05T22:54:16.045Z", "updated": "2022-05-05T22:54:16.980Z"}}, {"model": "main.parametersetperiodpayment", "pk": 11035, "fields": {"parameter_set_period": 1615, "parameter_set_zone_minutes": 131, "payment": "3.00", "group_bonus": "0.00", "timestamp": "2022-05-05T22:54:16.052Z", "updated": "2022-05-05T22:54:16.986Z"}}, {"model": "main.parametersetperiodpayment", "pk": 11036, "fields": {"parameter_set_period": 1615, "parameter_set_zone_minutes": 132, "payment": "3.00", "group_bonus": "0.00", "timestamp": "2022-05-05T22:54:16.055Z", "updated": "2022-05-05T22:54:16.988Z"}}, {"model": "main.parametersetperiodpayment", "pk": 11037, "fields": {"parameter_set_period": 1615, "parameter_set_zone_minutes": 133, "payment": "3.00", "group_bonus": "0.00", "timestamp": "2022-05-05T22:54:16.058Z", "updated": "2022-05-05T22:54:16.990Z"}}, {"model": "main.parametersetperiodpayment", "pk": 11038, "fields": {"parameter_set_period": 1615, "parameter_set_zone_minutes": 134, "payment": "3.00", "group_bonus": "0.00", "timestamp": "2022-05-05T22:54:16.060Z", "updated": "2022-05-05T22:54:16.992Z"}}, {"model": "main.parametersetperiodpayment", "pk": 11039, "fields": {"parameter_set_period": 1616, "parameter_set_zone_minutes": 131, "payment": "3.00", "group_bonus": "0.00", "timestamp": "2022-05-05T22:54:16.067Z", "updated": "2022-05-05T22:54:16.997Z"}}, {"model": "main.parametersetperiodpayment", "pk": 11040, "fields": {"parameter_set_period": 1616, "parameter_set_zone_minutes": 132, "payment": "3.00", "group_bonus": "0.00", "timestamp": "2022-05-05T22:54:16.071Z", "updated": "2022-05-05T22:54:16.998Z"}}, {"model": "main.parametersetperiodpayment", "pk": 11041, "fields": {"parameter_set_period": 1616, "parameter_set_zone_minutes": 133, "payment": "3.00", "group_bonus": "0.00", "timestamp": "2022-05-05T22:54:16.074Z", "updated": "2022-05-05T22:54:17.000Z"}}, {"model": "main.parametersetperiodpayment", "pk": 11042, "fields": {"parameter_set_period": 1616, "parameter_set_zone_minutes": 134, "payment": "3.00", "group_bonus": "0.00", "timestamp": "2022-05-05T22:54:16.077Z", "updated": "2022-05-05T22:54:17.002Z"}}, {"model": "main.parametersetperiodpayment", "pk": 11043, "fields": {"parameter_set_period": 1617, "parameter_set_zone_minutes": 131, "payment": "3.00", "group_bonus": "0.00", "timestamp": "2022-05-05T22:54:16.084Z", "updated": "2022-05-05T22:54:17.007Z"}}, {"model": "main.parametersetperiodpayment", "pk": 11044, "fields": {"parameter_set_period": 1617, "parameter_set_zone_minutes": 132, "payment": "3.00", "group_bonus": "0.00", "timestamp": "2022-05-05T22:54:16.087Z", "updated": "2022-05-05T22:54:17.009Z"}}, {"model": "main.parametersetperiodpayment", "pk": 11045, "fields": {"parameter_set_period": 1617, "parameter_set_zone_minutes": 133, "payment": "3.00", "group_bonus": "0.00", "timestamp": "2022-05-05T22:54:16.090Z", "updated": "2022-05-05T22:54:17.011Z"}}, {"model": "main.parametersetperiodpayment", "pk": 11046, "fields": {"parameter_set_period": 1617, "parameter_set_zone_minutes": 134, "payment": "3.00", "group_bonus": "0.00", "timestamp": "2022-05-05T22:54:16.093Z", "updated": "2022-05-05T22:54:17.013Z"}}, {"model": "main.parametersetperiodpayment", "pk": 11047, "fields": {"parameter_set_period": 1618, "parameter_set_zone_minutes": 131, "payment": "3.00", "group_bonus": "0.00", "timestamp": "2022-05-05T22:54:16.100Z", "updated": "2022-05-05T22:54:17.018Z"}}, {"model": "main.parametersetperiodpayment", "pk": 11048, "fields": {"parameter_set_period": 1618, "parameter_set_zone_minutes": 132, "payment": "3.00", "group_bonus": "0.00", "timestamp": "2022-05-05T22:54:16.104Z", "updated": "2022-05-05T22:54:17.020Z"}}, {"model": "main.parametersetperiodpayment", "pk": 11049, "fields": {"parameter_set_period": 1618, "parameter_set_zone_minutes": 133, "payment": "3.00", "group_bonus": "0.00", "timestamp": "2022-05-05T22:54:16.107Z", "updated": "2022-05-05T22:54:17.022Z"}}, {"model": "main.parametersetperiodpayment", "pk": 11050, "fields": {"parameter_set_period": 1618, "parameter_set_zone_minutes": 134, "payment": "3.00", "group_bonus": "0.00", "timestamp": "2022-05-05T22:54:16.110Z", "updated": "2022-05-05T22:54:17.024Z"}}, {"model": "main.parametersetperiodpayment", "pk": 11051, "fields": {"parameter_set_period": 1619, "parameter_set_zone_minutes": 131, "payment": "3.00", "group_bonus": "0.00", "timestamp": "2022-05-05T22:54:16.120Z", "updated": "2022-05-05T22:54:17.029Z"}}, {"model": "main.parametersetperiodpayment", "pk": 11052, "fields": {"parameter_set_period": 1619, "parameter_set_zone_minutes": 132, "payment": "3.00", "group_bonus": "0.00", "timestamp": "2022-05-05T22:54:16.123Z", "updated": "2022-05-05T22:54:17.031Z"}}, {"model": "main.parametersetperiodpayment", "pk": 11053, "fields": {"parameter_set_period": 1619, "parameter_set_zone_minutes": 133, "payment": "3.00", "group_bonus": "0.00", "timestamp": "2022-05-05T22:54:16.126Z", "updated": "2022-05-05T22:54:17.032Z"}}, {"model": "main.parametersetperiodpayment", "pk": 11054, "fields": {"parameter_set_period": 1619, "parameter_set_zone_minutes": 134, "payment": "3.00", "group_bonus": "0.00", "timestamp": "2022-05-05T22:54:16.129Z", "updated": "2022-05-05T22:54:17.034Z"}}, {"model": "main.parametersetperiodpayment", "pk": 11055, "fields": {"parameter_set_period": 1620, "parameter_set_zone_minutes": 131, "payment": "3.00", "group_bonus": "0.00", "timestamp": "2022-05-05T22:54:16.136Z", "updated": "2022-05-05T22:54:17.039Z"}}, {"model": "main.parametersetperiodpayment", "pk": 11056, "fields": {"parameter_set_period": 1620, "parameter_set_zone_minutes": 132, "payment": "3.00", "group_bonus": "0.00", "timestamp": "2022-05-05T22:54:16.140Z", "updated": "2022-05-05T22:54:17.041Z"}}, {"model": "main.parametersetperiodpayment", "pk": 11057, "fields": {"parameter_set_period": 1620, "parameter_set_zone_minutes": 133, "payment": "3.00", "group_bonus": "0.00", "timestamp": "2022-05-05T22:54:16.143Z", "updated": "2022-05-05T22:54:17.042Z"}}, {"model": "main.parametersetperiodpayment", "pk": 11058, "fields": {"parameter_set_period": 1620, "parameter_set_zone_minutes": 134, "payment": "3.00", "group_bonus": "0.00", "timestamp": "2022-05-05T22:54:16.147Z", "updated": "2022-05-05T22:54:17.044Z"}}, {"model": "main.parametersetperiodpayment", "pk": 11059, "fields": {"parameter_set_period": 1621, "parameter_set_zone_minutes": 131, "payment": "3.00", "group_bonus": "0.00", "timestamp": "2022-05-05T22:54:16.154Z", "updated": "2022-05-05T22:54:17.049Z"}}, {"model": "main.parametersetperiodpayment", "pk": 11060, "fields": {"parameter_set_period": 1621, "parameter_set_zone_minutes": 132, "payment": "3.00", "group_bonus": "0.00", "timestamp": "2022-05-05T22:54:16.157Z", "updated": "2022-05-05T22:54:17.051Z"}}, {"model": "main.parametersetperiodpayment", "pk": 11061, "fields": {"parameter_set_period": 1621, "parameter_set_zone_minutes": 133, "payment": "3.00", "group_bonus": "0.00", "timestamp": "2022-05-05T22:54:16.160Z", "updated": "2022-05-05T22:54:17.053Z"}}, {"model": "main.parametersetperiodpayment", "pk": 11062, "fields": {"parameter_set_period": 1621, "parameter_set_zone_minutes": 134, "payment": "3.00", "group_bonus": "0.00", "timestamp": "2022-05-05T22:54:16.163Z", "updated": "2022-05-05T22:54:17.055Z"}}, {"model": "main.parametersetperiodpayment", "pk": 11063, "fields": {"parameter_set_period": 1622, "parameter_set_zone_minutes": 131, "payment": "3.00", "group_bonus": "0.00", "timestamp": "2022-05-05T22:54:16.170Z", "updated": "2022-05-05T22:54:17.060Z"}}, {"model": "main.parametersetperiodpayment", "pk": 11064, "fields": {"parameter_set_period": 1622, "parameter_set_zone_minutes": 132, "payment": "3.00", "group_bonus": "0.00", "timestamp": "2022-05-05T22:54:16.173Z", "updated": "2022-05-05T22:54:17.062Z"}}, {"model": "main.parametersetperiodpayment", "pk": 11065, "fields": {"parameter_set_period": 1622, "parameter_set_zone_minutes": 133, "payment": "3.00", "group_bonus": "0.00", "timestamp": "2022-05-05T22:54:16.175Z", "updated": "2022-05-05T22:54:17.068Z"}}, {"model": "main.parametersetperiodpayment", "pk": 11066, "fields": {"parameter_set_period": 1622, "parameter_set_zone_minutes": 134, "payment": "3.00", "group_bonus": "0.00", "timestamp": "2022-05-05T22:54:16.178Z", "updated": "2022-05-05T22:54:17.070Z"}}, {"model": "main.parametersetperiodpayment", "pk": 11067, "fields": {"parameter_set_period": 1623, "parameter_set_zone_minutes": 131, "payment": "3.00", "group_bonus": "0.00", "timestamp": "2022-05-05T22:54:16.185Z", "updated": "2022-05-05T22:54:17.075Z"}}, {"model": "main.parametersetperiodpayment", "pk": 11068, "fields": {"parameter_set_period": 1623, "parameter_set_zone_minutes": 132, "payment": "3.00", "group_bonus": "0.00", "timestamp": "2022-05-05T22:54:16.187Z", "updated": "2022-05-05T22:54:17.077Z"}}, {"model": "main.parametersetperiodpayment", "pk": 11069, "fields": {"parameter_set_period": 1623, "parameter_set_zone_minutes": 133, "payment": "3.00", "group_bonus": "0.00", "timestamp": "2022-05-05T22:54:16.191Z", "updated": "2022-05-05T22:54:17.079Z"}}, {"model": "main.parametersetperiodpayment", "pk": 11070, "fields": {"parameter_set_period": 1623, "parameter_set_zone_minutes": 134, "payment": "3.00", "group_bonus": "0.00", "timestamp": "2022-05-05T22:54:16.193Z", "updated": "2022-05-05T22:54:17.081Z"}}, {"model": "main.parametersetperiodpayment", "pk": 11071, "fields": {"parameter_set_period": 1624, "parameter_set_zone_minutes": 131, "payment": "3.00", "group_bonus": "0.00", "timestamp": "2022-05-05T22:54:16.200Z", "updated": "2022-05-05T22:54:17.085Z"}}, {"model": "main.parametersetperiodpayment", "pk": 11072, "fields": {"parameter_set_period": 1624, "parameter_set_zone_minutes": 132, "payment": "3.00", "group_bonus": "0.00", "timestamp": "2022-05-05T22:54:16.202Z", "updated": "2022-05-05T22:54:17.087Z"}}, {"model": "main.parametersetperiodpayment", "pk": 11073, "fields": {"parameter_set_period": 1624, "parameter_set_zone_minutes": 133, "payment": "3.00", "group_bonus": "0.00", "timestamp": "2022-05-05T22:54:16.205Z", "updated": "2022-05-05T22:54:17.089Z"}}, {"model": "main.parametersetperiodpayment", "pk": 11074, "fields": {"parameter_set_period": 1624, "parameter_set_zone_minutes": 134, "payment": "3.00", "group_bonus": "0.00", "timestamp": "2022-05-05T22:54:16.209Z", "updated": "2022-05-05T22:54:17.091Z"}}, {"model": "main.parametersetperiodpayment", "pk": 11075, "fields": {"parameter_set_period": 1625, "parameter_set_zone_minutes": 131, "payment": "3.00", "group_bonus": "0.00", "timestamp": "2022-05-05T22:54:16.218Z", "updated": "2022-05-05T22:54:17.096Z"}}, {"model": "main.parametersetperiodpayment", "pk": 11076, "fields": {"parameter_set_period": 1625, "parameter_set_zone_minutes": 132, "payment": "3.00", "group_bonus": "0.00", "timestamp": "2022-05-05T22:54:16.221Z", "updated": "2022-05-05T22:54:17.097Z"}}, {"model": "main.parametersetperiodpayment", "pk": 11077, "fields": {"parameter_set_period": 1625, "parameter_set_zone_minutes": 133, "payment": "3.00", "group_bonus": "0.00", "timestamp": "2022-05-05T22:54:16.225Z", "updated": "2022-05-05T22:54:17.099Z"}}, {"model": "main.parametersetperiodpayment", "pk": 11078, "fields": {"parameter_set_period": 1625, "parameter_set_zone_minutes": 134, "payment": "3.00", "group_bonus": "0.00", "timestamp": "2022-05-05T22:54:16.228Z", "updated": "2022-05-05T22:54:17.101Z"}}, {"model": "main.parametersetperiodpayment", "pk": 11079, "fields": {"parameter_set_period": 1626, "parameter_set_zone_minutes": 131, "payment": "3.00", "group_bonus": "0.00", "timestamp": "2022-05-05T22:54:16.235Z", "updated": "2022-05-05T22:54:17.106Z"}}, {"model": "main.parametersetperiodpayment", "pk": 11080, "fields": {"parameter_set_period": 1626, "parameter_set_zone_minutes": 132, "payment": "3.00", "group_bonus": "0.00", "timestamp": "2022-05-05T22:54:16.238Z", "updated": "2022-05-05T22:54:17.108Z"}}, {"model": "main.parametersetperiodpayment", "pk": 11081, "fields": {"parameter_set_period": 1626, "parameter_set_zone_minutes": 133, "payment": "3.00", "group_bonus": "0.00", "timestamp": "2022-05-05T22:54:16.241Z", "updated": "2022-05-05T22:54:17.110Z"}}, {"model": "main.parametersetperiodpayment", "pk": 11082, "fields": {"parameter_set_period": 1626, "parameter_set_zone_minutes": 134, "payment": "3.00", "group_bonus": "0.00", "timestamp": "2022-05-05T22:54:16.244Z", "updated": "2022-05-05T22:54:17.112Z"}}, {"model": "main.parametersetperiodpayment", "pk": 11083, "fields": {"parameter_set_period": 1627, "parameter_set_zone_minutes": 131, "payment": "3.00", "group_bonus": "0.00", "timestamp": "2022-05-05T22:54:16.251Z", "updated": "2022-05-05T22:54:17.117Z"}}, {"model": "main.parametersetperiodpayment", "pk": 11084, "fields": {"parameter_set_period": 1627, "parameter_set_zone_minutes": 132, "payment": "3.00", "group_bonus": "0.00", "timestamp": "2022-05-05T22:54:16.254Z", "updated": "2022-05-05T22:54:17.119Z"}}, {"model": "main.parametersetperiodpayment", "pk": 11085, "fields": {"parameter_set_period": 1627, "parameter_set_zone_minutes": 133, "payment": "3.00", "group_bonus": "0.00", "timestamp": "2022-05-05T22:54:16.257Z", "updated": "2022-05-05T22:54:17.121Z"}}, {"model": "main.parametersetperiodpayment", "pk": 11086, "fields": {"parameter_set_period": 1627, "parameter_set_zone_minutes": 134, "payment": "3.00", "group_bonus": "0.00", "timestamp": "2022-05-05T22:54:16.260Z", "updated": "2022-05-05T22:54:17.123Z"}}, {"model": "main.parametersetperiodpayment", "pk": 11087, "fields": {"parameter_set_period": 1628, "parameter_set_zone_minutes": 131, "payment": "0.00", "group_bonus": "0.00", "timestamp": "2022-05-05T22:54:16.266Z", "updated": "2022-05-05T22:54:17.127Z"}}, {"model": "main.parametersetperiodpayment", "pk": 11088, "fields": {"parameter_set_period": 1628, "parameter_set_zone_minutes": 132, "payment": "0.00", "group_bonus": "0.00", "timestamp": "2022-05-05T22:54:16.269Z", "updated": "2022-05-05T22:54:17.130Z"}}, {"model": "main.parametersetperiodpayment", "pk": 11089, "fields": {"parameter_set_period": 1628, "parameter_set_zone_minutes": 133, "payment": "0.00", "group_bonus": "0.00", "timestamp": "2022-05-05T22:54:16.272Z", "updated": "2022-05-05T22:54:17.132Z"}}, {"model": "main.parametersetperiodpayment", "pk": 11090, "fields": {"parameter_set_period": 1628, "parameter_set_zone_minutes": 134, "payment": "0.00", "group_bonus": "0.00", "timestamp": "2022-05-05T22:54:16.275Z", "updated": "2022-05-05T22:54:17.134Z"}}, {"model": "main.parametersetperiodpayment", "pk": 11091, "fields": {"parameter_set_period": 1629, "parameter_set_zone_minutes": 131, "payment": "0.00", "group_bonus": "0.00", "timestamp": "2022-05-05T22:54:16.282Z", "updated": "2022-05-05T22:54:17.139Z"}}, {"model": "main.parametersetperiodpayment", "pk": 11092, "fields": {"parameter_set_period": 1629, "parameter_set_zone_minutes": 132, "payment": "0.00", "group_bonus": "0.00", "timestamp": "2022-05-05T22:54:16.285Z", "updated": "2022-05-05T22:54:17.141Z"}}, {"model": "main.parametersetperiodpayment", "pk": 11093, "fields": {"parameter_set_period": 1629, "parameter_set_zone_minutes": 133, "payment": "0.00", "group_bonus": "0.00", "timestamp": "2022-05-05T22:54:16.288Z", "updated": "2022-05-05T22:54:17.143Z"}}, {"model": "main.parametersetperiodpayment", "pk": 11094, "fields": {"parameter_set_period": 1629, "parameter_set_zone_minutes": 134, "payment": "0.00", "group_bonus": "0.00", "timestamp": "2022-05-05T22:54:16.291Z", "updated": "2022-05-05T22:54:17.145Z"}}, {"model": "main.parametersetperiodpayment", "pk": 11095, "fields": {"parameter_set_period": 1630, "parameter_set_zone_minutes": 131, "payment": "0.00", "group_bonus": "0.00", "timestamp": "2022-05-05T22:54:16.297Z", "updated": "2022-05-05T22:54:17.150Z"}}, {"model": "main.parametersetperiodpayment", "pk": 11096, "fields": {"parameter_set_period": 1630, "parameter_set_zone_minutes": 132, "payment": "0.00", "group_bonus": "0.00", "timestamp": "2022-05-05T22:54:16.300Z", "updated": "2022-05-05T22:54:17.152Z"}}, {"model": "main.parametersetperiodpayment", "pk": 11097, "fields": {"parameter_set_period": 1630, "parameter_set_zone_minutes": 133, "payment": "0.00", "group_bonus": "0.00", "timestamp": "2022-05-05T22:54:16.303Z", "updated": "2022-05-05T22:54:17.154Z"}}, {"model": "main.parametersetperiodpayment", "pk": 11098, "fields": {"parameter_set_period": 1630, "parameter_set_zone_minutes": 134, "payment": "0.00", "group_bonus": "0.00", "timestamp": "2022-05-05T22:54:16.307Z", "updated": "2022-05-05T22:54:17.156Z"}}, {"model": "main.parametersetperiodpayment", "pk": 11099, "fields": {"parameter_set_period": 1631, "parameter_set_zone_minutes": 131, "payment": "0.00", "group_bonus": "0.00", "timestamp": "2022-05-05T22:54:16.313Z", "updated": "2022-05-05T22:54:17.161Z"}}, {"model": "main.parametersetperiodpayment", "pk": 11100, "fields": {"parameter_set_period": 1631, "parameter_set_zone_minutes": 132, "payment": "0.00", "group_bonus": "0.00", "timestamp": "2022-05-05T22:54:16.316Z", "updated": "2022-05-05T22:54:17.163Z"}}, {"model": "main.parametersetperiodpayment", "pk": 11101, "fields": {"parameter_set_period": 1631, "parameter_set_zone_minutes": 133, "payment": "0.00", "group_bonus": "0.00", "timestamp": "2022-05-05T22:54:16.319Z", "updated": "2022-05-05T22:54:17.165Z"}}, {"model": "main.parametersetperiodpayment", "pk": 11102, "fields": {"parameter_set_period": 1631, "parameter_set_zone_minutes": 134, "payment": "0.00", "group_bonus": "0.00", "timestamp": "2022-05-05T22:54:16.322Z", "updated": "2022-05-05T22:54:17.167Z"}}, {"model": "main.parametersetperiodpayment", "pk": 11103, "fields": {"parameter_set_period": 1632, "parameter_set_zone_minutes": 131, "payment": "0.00", "group_bonus": "0.00", "timestamp": "2022-05-05T22:54:16.329Z", "updated": "2022-05-05T22:54:17.173Z"}}, {"model": "main.parametersetperiodpayment", "pk": 11104, "fields": {"parameter_set_period": 1632, "parameter_set_zone_minutes": 132, "payment": "0.00", "group_bonus": "0.00", "timestamp": "2022-05-05T22:54:16.331Z", "updated": "2022-05-05T22:54:17.175Z"}}, {"model": "main.parametersetperiodpayment", "pk": 11105, "fields": {"parameter_set_period": 1632, "parameter_set_zone_minutes": 133, "payment": "0.00", "group_bonus": "0.00", "timestamp": "2022-05-05T22:54:16.335Z", "updated": "2022-05-05T22:54:17.177Z"}}, {"model": "main.parametersetperiodpayment", "pk": 11106, "fields": {"parameter_set_period": 1632, "parameter_set_zone_minutes": 134, "payment": "0.00", "group_bonus": "0.00", "timestamp": "2022-05-05T22:54:16.338Z", "updated": "2022-05-05T22:54:17.179Z"}}, {"model": "main.parametersetperiodpayment", "pk": 11107, "fields": {"parameter_set_period": 1633, "parameter_set_zone_minutes": 131, "payment": "0.00", "group_bonus": "0.00", "timestamp": "2022-05-05T22:54:16.349Z", "updated": "2022-05-05T22:54:17.184Z"}}, {"model": "main.parametersetperiodpayment", "pk": 11108, "fields": {"parameter_set_period": 1633, "parameter_set_zone_minutes": 132, "payment": "0.00", "group_bonus": "0.00", "timestamp": "2022-05-05T22:54:16.353Z", "updated": "2022-05-05T22:54:17.187Z"}}, {"model": "main.parametersetperiodpayment", "pk": 11109, "fields": {"parameter_set_period": 1633, "parameter_set_zone_minutes": 133, "payment": "0.00", "group_bonus": "0.00", "timestamp": "2022-05-05T22:54:16.357Z", "updated": "2022-05-05T22:54:17.190Z"}}, {"model": "main.parametersetperiodpayment", "pk": 11110, "fields": {"parameter_set_period": 1633, "parameter_set_zone_minutes": 134, "payment": "0.00", "group_bonus": "0.00", "timestamp": "2022-05-05T22:54:16.361Z", "updated": "2022-05-05T22:54:17.192Z"}}, {"model": "main.parametersetperiodpayment", "pk": 11111, "fields": {"parameter_set_period": 1634, "parameter_set_zone_minutes": 131, "payment": "0.00", "group_bonus": "0.00", "timestamp": "2022-05-05T22:54:16.368Z", "updated": "2022-05-05T22:54:17.197Z"}}, {"model": "main.parametersetperiodpayment", "pk": 11112, "fields": {"parameter_set_period": 1634, "parameter_set_zone_minutes": 132, "payment": "0.00", "group_bonus": "0.00", "timestamp": "2022-05-05T22:54:16.371Z", "updated": "2022-05-05T22:54:17.199Z"}}, {"model": "main.parametersetperiodpayment", "pk": 11113, "fields": {"parameter_set_period": 1634, "parameter_set_zone_minutes": 133, "payment": "0.00", "group_bonus": "0.00", "timestamp": "2022-05-05T22:54:16.375Z", "updated": "2022-05-05T22:54:17.205Z"}}, {"model": "main.parametersetperiodpayment", "pk": 11114, "fields": {"parameter_set_period": 1634, "parameter_set_zone_minutes": 134, "payment": "0.00", "group_bonus": "0.00", "timestamp": "2022-05-05T22:54:16.377Z", "updated": "2022-05-05T22:54:17.207Z"}}, {"model": "main.parametersetperiodpayment", "pk": 11115, "fields": {"parameter_set_period": 1635, "parameter_set_zone_minutes": 131, "payment": "0.00", "group_bonus": "0.00", "timestamp": "2022-05-05T22:54:16.384Z", "updated": "2022-05-05T22:54:17.212Z"}}, {"model": "main.parametersetperiodpayment", "pk": 11116, "fields": {"parameter_set_period": 1635, "parameter_set_zone_minutes": 132, "payment": "0.00", "group_bonus": "0.00", "timestamp": "2022-05-05T22:54:16.388Z", "updated": "2022-05-05T22:54:17.214Z"}}, {"model": "main.parametersetperiodpayment", "pk": 11117, "fields": {"parameter_set_period": 1635, "parameter_set_zone_minutes": 133, "payment": "0.00", "group_bonus": "0.00", "timestamp": "2022-05-05T22:54:16.391Z", "updated": "2022-05-05T22:54:17.216Z"}}, {"model": "main.parametersetperiodpayment", "pk": 11118, "fields": {"parameter_set_period": 1635, "parameter_set_zone_minutes": 134, "payment": "0.00", "group_bonus": "0.00", "timestamp": "2022-05-05T22:54:16.394Z", "updated": "2022-05-05T22:54:17.218Z"}}, {"model": "main.parametersetperiodpayment", "pk": 11119, "fields": {"parameter_set_period": 1636, "parameter_set_zone_minutes": 131, "payment": "0.00", "group_bonus": "0.00", "timestamp": "2022-05-05T22:54:16.401Z", "updated": "2022-05-05T22:54:17.223Z"}}, {"model": "main.parametersetperiodpayment", "pk": 11120, "fields": {"parameter_set_period": 1636, "parameter_set_zone_minutes": 132, "payment": "0.00", "group_bonus": "0.00", "timestamp": "2022-05-05T22:54:16.404Z", "updated": "2022-05-05T22:54:17.225Z"}}, {"model": "main.parametersetperiodpayment", "pk": 11121, "fields": {"parameter_set_period": 1636, "parameter_set_zone_minutes": 133, "payment": "0.00", "group_bonus": "0.00", "timestamp": "2022-05-05T22:54:16.407Z", "updated": "2022-05-05T22:54:17.226Z"}}, {"model": "main.parametersetperiodpayment", "pk": 11122, "fields": {"parameter_set_period": 1636, "parameter_set_zone_minutes": 134, "payment": "0.00", "group_bonus": "0.00", "timestamp": "2022-05-05T22:54:16.410Z", "updated": "2022-05-05T22:54:17.228Z"}}, {"model": "main.parametersetperiodpayment", "pk": 11123, "fields": {"parameter_set_period": 1637, "parameter_set_zone_minutes": 131, "payment": "0.00", "group_bonus": "0.00", "timestamp": "2022-05-05T22:54:16.417Z", "updated": "2022-05-05T22:54:17.232Z"}}, {"model": "main.parametersetperiodpayment", "pk": 11124, "fields": {"parameter_set_period": 1637, "parameter_set_zone_minutes": 132, "payment": "0.00", "group_bonus": "0.00", "timestamp": "2022-05-05T22:54:16.420Z", "updated": "2022-05-05T22:54:17.234Z"}}, {"model": "main.parametersetperiodpayment", "pk": 11125, "fields": {"parameter_set_period": 1637, "parameter_set_zone_minutes": 133, "payment": "0.00", "group_bonus": "0.00", "timestamp": "2022-05-05T22:54:16.424Z", "updated": "2022-05-05T22:54:17.236Z"}}, {"model": "main.parametersetperiodpayment", "pk": 11126, "fields": {"parameter_set_period": 1637, "parameter_set_zone_minutes": 134, "payment": "0.00", "group_bonus": "0.00", "timestamp": "2022-05-05T22:54:16.427Z", "updated": "2022-05-05T22:54:17.238Z"}}, {"model": "main.parametersetperiodpayment", "pk": 11127, "fields": {"parameter_set_period": 1638, "parameter_set_zone_minutes": 131, "payment": "0.00", "group_bonus": "0.00", "timestamp": "2022-05-05T22:54:16.434Z", "updated": "2022-05-05T22:54:17.242Z"}}, {"model": "main.parametersetperiodpayment", "pk": 11128, "fields": {"parameter_set_period": 1638, "parameter_set_zone_minutes": 132, "payment": "0.00", "group_bonus": "0.00", "timestamp": "2022-05-05T22:54:16.437Z", "updated": "2022-05-05T22:54:17.244Z"}}, {"model": "main.parametersetperiodpayment", "pk": 11129, "fields": {"parameter_set_period": 1638, "parameter_set_zone_minutes": 133, "payment": "0.00", "group_bonus": "0.00", "timestamp": "2022-05-05T22:54:16.440Z", "updated": "2022-05-05T22:54:17.246Z"}}, {"model": "main.parametersetperiodpayment", "pk": 11130, "fields": {"parameter_set_period": 1638, "parameter_set_zone_minutes": 134, "payment": "0.00", "group_bonus": "0.00", "timestamp": "2022-05-05T22:54:16.443Z", "updated": "2022-05-05T22:54:17.247Z"}}, {"model": "main.parametersetperiodpayment", "pk": 11131, "fields": {"parameter_set_period": 1639, "parameter_set_zone_minutes": 131, "payment": "0.00", "group_bonus": "0.00", "timestamp": "2022-05-05T22:54:16.450Z", "updated": "2022-05-05T22:54:17.252Z"}}, {"model": "main.parametersetperiodpayment", "pk": 11132, "fields": {"parameter_set_period": 1639, "parameter_set_zone_minutes": 132, "payment": "0.00", "group_bonus": "0.00", "timestamp": "2022-05-05T22:54:16.454Z", "updated": "2022-05-05T22:54:17.253Z"}}, {"model": "main.parametersetperiodpayment", "pk": 11133, "fields": {"parameter_set_period": 1639, "parameter_set_zone_minutes": 133, "payment": "0.00", "group_bonus": "0.00", "timestamp": "2022-05-05T22:54:16.457Z", "updated": "2022-05-05T22:54:17.255Z"}}, {"model": "main.parametersetperiodpayment", "pk": 11134, "fields": {"parameter_set_period": 1639, "parameter_set_zone_minutes": 134, "payment": "0.00", "group_bonus": "0.00", "timestamp": "2022-05-05T22:54:16.462Z", "updated": "2022-05-05T22:54:17.257Z"}}, {"model": "main.parametersetperiodpayment", "pk": 11135, "fields": {"parameter_set_period": 1640, "parameter_set_zone_minutes": 131, "payment": "0.00", "group_bonus": "0.00", "timestamp": "2022-05-05T22:54:16.469Z", "updated": "2022-05-05T22:54:17.261Z"}}, {"model": "main.parametersetperiodpayment", "pk": 11136, "fields": {"parameter_set_period": 1640, "parameter_set_zone_minutes": 132, "payment": "0.00", "group_bonus": "0.00", "timestamp": "2022-05-05T22:54:16.472Z", "updated": "2022-05-05T22:54:17.263Z"}}, {"model": "main.parametersetperiodpayment", "pk": 11137, "fields": {"parameter_set_period": 1640, "parameter_set_zone_minutes": 133, "payment": "0.00", "group_bonus": "0.00", "timestamp": "2022-05-05T22:54:16.475Z", "updated": "2022-05-05T22:54:17.265Z"}}, {"model": "main.parametersetperiodpayment", "pk": 11138, "fields": {"parameter_set_period": 1640, "parameter_set_zone_minutes": 134, "payment": "0.00", "group_bonus": "0.00", "timestamp": "2022-05-05T22:54:16.478Z", "updated": "2022-05-05T22:54:17.266Z"}}, {"model": "main.parametersetperiodpayment", "pk": 11139, "fields": {"parameter_set_period": 1641, "parameter_set_zone_minutes": 131, "payment": "0.00", "group_bonus": "0.00", "timestamp": "2022-05-05T22:54:16.485Z", "updated": "2022-05-05T22:54:17.271Z"}}, {"model": "main.parametersetperiodpayment", "pk": 11140, "fields": {"parameter_set_period": 1641, "parameter_set_zone_minutes": 132, "payment": "0.00", "group_bonus": "0.00", "timestamp": "2022-05-05T22:54:16.488Z", "updated": "2022-05-05T22:54:17.273Z"}}, {"model": "main.parametersetperiodpayment", "pk": 11141, "fields": {"parameter_set_period": 1641, "parameter_set_zone_minutes": 133, "payment": "0.00", "group_bonus": "0.00", "timestamp": "2022-05-05T22:54:16.491Z", "updated": "2022-05-05T22:54:17.274Z"}}, {"model": "main.parametersetperiodpayment", "pk": 11142, "fields": {"parameter_set_period": 1641, "parameter_set_zone_minutes": 134, "payment": "0.00", "group_bonus": "0.00", "timestamp": "2022-05-05T22:54:16.494Z", "updated": "2022-05-05T22:54:17.276Z"}}, {"model": "main.parametersetzoneminutes", "pk": 49, "fields": {"parameter_set": 4, "zone_minutes": 1440, "label": "min to min", "timestamp": "2022-03-22T19:39:19.802Z", "updated": "2022-03-22T19:39:19.802Z"}}, {"model": "main.parametersetzoneminutes", "pk": 131, "fields": {"parameter_set": 5, "zone_minutes": 29, "label": "<30", "timestamp": "2022-05-05T22:54:13.854Z", "updated": "2022-05-05T22:54:15.331Z"}}, {"model": "main.parametersetzoneminutes", "pk": 132, "fields": {"parameter_set": 5, "zone_minutes": 44, "label": "30 to 44", "timestamp": "2022-05-05T22:54:14.111Z", "updated": "2022-05-05T22:54:15.333Z"}}, {"model": "main.parametersetzoneminutes", "pk": 133, "fields": {"parameter_set": 5, "zone_minutes": 59, "label": "45 to 59", "timestamp": "2022-05-05T22:54:14.423Z", "updated": "2022-05-05T22:54:15.335Z"}}, {"model": "main.parametersetzoneminutes", "pk": 134, "fields": {"parameter_set": 5, "zone_minutes": 1440, "label": "60+", "timestamp": "2022-05-05T22:54:14.896Z", "updated": "2022-05-05T22:54:15.337Z"}}, {"model": "main.session", "pk": 5, "fields": {"parameter_set": 5, "creator": 1, "title": "70 Period Group Pay", "start_date": "2022-05-05", "end_date": "2022-07-13", "current_experiment_phase": "Run", "channel_key": "94f0414c-81f1-42ee-b7e1-2f24176dd196", "session_key": "95bfc704-de66-4e2d-ae43-b8035c97560d", "started": false, "finished": false, "shared": false, "locked": false, "canceled": false, "cancelation_text": "", "cancelation_text_subject": "", "invitation_text": "", "invitation_subject": "", "soft_delete": false, "timestamp": "2022-03-22T19:40:30.444Z", "updated": "2022-05-05T22:55:57.405Z", "collaborators": []}}, {"model": "main.sessionplayer", "pk": 401, "fields": {"session": 5, "parameter_set_player": 151, "player_number": 1, "player_key": "5e085272-b27b-41da-91e3-685f3d349924", "connecting": false, "connected_count": 0, "channel_name": "", "name": "", "student_id": "", "email": null, "group_number": 1, "current_instruction": 0, "current_instruction_complete": 0, "instructions_finished": false, "fitbit_user_id": "", "fitbit_last_synced": null, "fitbit_device": "", "consent_form_required": false, "disabled": false, "timestamp": "2022-05-05T22:54:17.280Z", "updated": "2022-05-05T22:55:47.573Z"}}, {"model": "main.sessionplayer", "pk": 402, "fields": {"session": 5, "parameter_set_player": 152, "player_number": 2, "player_key": "85e4f2bb-eedc-41a4-a614-03d516da8a10", "connecting": false, "connected_count": 0, "channel_name": "", "name": "", "student_id": "", "email": null, "group_number": 1, "current_instruction": 0, "current_instruction_complete": 0, "instructions_finished": false, "fitbit_user_id": "", "fitbit_last_synced": null, "fitbit_device": "", "consent_form_required": false, "disabled": false, "timestamp": "2022-05-05T22:54:17.282Z", "updated": "2022-05-05T22:55:47.575Z"}}, {"model": "main.sessionplayer", "pk": 403, "fields": {"session": 5, "parameter_set_player": 153, "player_number": 3, "player_key": "7362b034-da61-4f17-8668-32321ae9f4c7", "connecting": false, "connected_count": 0, "channel_name": "", "name": "", "student_id": "", "email": null, "group_number": 2, "current_instruction": 0, "current_instruction_complete": 0, "instructions_finished": false, "fitbit_user_id": "", "fitbit_last_synced": null, "fitbit_device": "", "consent_form_required": false, "disabled": false, "timestamp": "2022-05-05T22:54:17.284Z", "updated": "2022-05-05T22:55:47.578Z"}}, {"model": "main.sessionplayer", "pk": 404, "fields": {"session": 5, "parameter_set_player": 154, "player_number": 4, "player_key": "f459bb0a-7a98-4e2c-bc15-d34604c72353", "connecting": false, "connected_count": 0, "channel_name": "", "name": "", "student_id": "", "email": null, "group_number": 2, "current_instruction": 0, "current_instruction_complete": 0, "instructions_finished": false, "fitbit_user_id": "", "fitbit_last_synced": null, "fitbit_device": "", "consent_form_required": false, "disabled": false, "timestamp": "2022-05-05T22:54:17.286Z", "updated": "2022-05-05T22:55:47.581Z"}}]