[{"model": "main.parameters", "pk": 1, "fields": {"contact_email": "JohnSmith@abc.edu", "experiment_time_zone": "US/Pacific", "site_url": "localhost:8000/", "invitation_text": "<p>text here</p>", "invitation_subject": "text here", "software_version": "1.00", "timestamp": "2022-03-14T18:53:05.882Z", "updated": "2022-04-14T05:12:18.837Z"}}, {"model": "main.helpdocs", "pk": 1, "fields": {"title": "Staff Graph", "text": "<div>\r\n<div>Staff Graph</div>\r\n</div>", "timestamp": "2022-05-05T01:53:46.294Z", "updated": "2022-05-05T01:57:50.515Z"}}, {"model": "main.helpdocs", "pk": 2, "fields": {"title": "Staff Subject List", "text": "<div>\r\n<div>Staff Subject List</div>\r\n</div>", "timestamp": "2022-05-05T01:54:10.755Z", "updated": "2022-05-05T01:54:10.755Z"}}, {"model": "main.helpdocs", "pk": 3, "fields": {"title": "Subject graph help individual pay", "text": "<div>\r\n<div>Subject graph help individual pay</div>\r\n</div>", "timestamp": "2022-05-08T22:15:39.453Z", "updated": "2022-05-08T22:15:39.453Z"}}, {"model": "main.helpdocs", "pk": 4, "fields": {"title": "Subject check in help individual pay", "text": "<div>\r\n<div>Subject check in help individual pay</div>\r\n</div>", "timestamp": "2022-05-08T22:15:50.057Z", "updated": "2022-05-08T22:15:50.057Z"}}, {"model": "main.instructionset", "pk": 1, "fields": {"label": "One", "timestamp": "2022-03-14T19:02:39.853Z", "updated": "2022-03-14T19:02:39.854Z"}}, {"model": "main.instruction", "pk": 1, "fields": {"instruction_set": 1, "text_html": "<p>Page 1</p>", "page_number": 1, "timestamp": "2022-03-14T19:02:39.856Z", "updated": "2022-03-14T19:02:39.856Z"}}, {"model": "main.parameterset", "pk": 8, "fields": {"instruction_set": 1, "enable_chat": true, "show_instructions": true, "graph_y_max": 75, "test_mode": false, "consent_form": "file_name.pdf", "consent_form_required": false, "timestamp": "2022-03-15T22:11:33.116Z", "updated": "2022-03-15T22:11:33.116Z"}}, {"model": "main.parameterset", "pk": 9, "fields": {"instruction_set": 1, "enable_chat": true, "show_instructions": false, "graph_y_max": 75, "test_mode": false, "consent_form": "IRB-20-142_12-18-2020.pdf", "consent_form_required": true, "timestamp": "2022-03-15T22:22:12.835Z", "updated": "2022-05-10T15:29:16.096Z"}}, {"model": "main.parameterset", "pk": 11, "fields": {"instruction_set": 1, "enable_chat": false, "show_instructions": false, "graph_y_max": 75, "test_mode": false, "consent_form": "file_name.pdf", "consent_form_required": false, "timestamp": "2022-04-14T05:20:02.816Z", "updated": "2022-04-14T05:20:02.816Z"}}, {"model": "main.parametersetplayer", "pk": 49, "fields": {"parameter_set": 11, "id_label": "1", "display_color": "#000000", "timestamp": "2022-04-14T05:20:02.859Z", "updated": "2022-04-14T05:20:02.859Z"}}, {"model": "main.parametersetplayer", "pk": 110, "fields": {"parameter_set": 9, "id_label": "Blue", "display_color": "#6495ED", "timestamp": "2022-05-10T15:29:16.121Z", "updated": "2022-05-10T15:29:16.197Z"}}, {"model": "main.parametersetplayer", "pk": 111, "fields": {"parameter_set": 9, "id_label": "Orange", "display_color": "#FF8C00", "timestamp": "2022-05-10T15:29:16.126Z", "updated": "2022-05-10T15:29:16.201Z"}}, {"model": "main.parametersetplayer", "pk": 112, "fields": {"parameter_set": 9, "id_label": "Blue", "display_color": "#6495ED", "timestamp": "2022-05-10T15:29:16.131Z", "updated": "2022-05-10T15:29:16.205Z"}}, {"model": "main.parametersetplayer", "pk": 113, "fields": {"parameter_set": 9, "id_label": "Orange", "display_color": "#FF8C00", "timestamp": "2022-05-10T15:29:16.135Z", "updated": "2022-05-10T15:29:16.209Z"}}, {"model": "main.parametersetplayer", "pk": 114, "fields": {"parameter_set": 9, "id_label": "Blue", "display_color": "#6495ED", "timestamp": "2022-05-10T15:29:16.140Z", "updated": "2022-05-10T15:29:16.213Z"}}, {"model": "main.parametersetplayer", "pk": 115, "fields": {"parameter_set": 9, "id_label": "Orange", "display_color": "#FF8C00", "timestamp": "2022-05-10T15:29:16.145Z", "updated": "2022-05-10T15:29:16.217Z"}}, {"model": "main.parametersetplayer", "pk": 116, "fields": {"parameter_set": 9, "id_label": "Blue", "display_color": "#6495ED", "timestamp": "2022-05-10T15:29:16.150Z", "updated": "2022-05-10T15:29:16.222Z"}}, {"model": "main.parametersetplayer", "pk": 117, "fields": {"parameter_set": 9, "id_label": "Orange", "display_color": "#FF8C00", "timestamp": "2022-05-10T15:29:16.154Z", "updated": "2022-05-10T15:29:16.226Z"}}, {"model": "main.parametersetplayer", "pk": 118, "fields": {"parameter_set": 9, "id_label": "Blue", "display_color": "#6495ED", "timestamp": "2022-05-10T15:29:16.158Z", "updated": "2022-05-10T15:29:16.230Z"}}, {"model": "main.parametersetplayer", "pk": 119, "fields": {"parameter_set": 9, "id_label": "Orange", "display_color": "#FF8C00", "timestamp": "2022-05-10T15:29:16.164Z", "updated": "2022-05-10T15:29:16.234Z"}}, {"model": "main.parametersetplayer", "pk": 120, "fields": {"parameter_set": 9, "id_label": "Blue", "display_color": "#6495ED", "timestamp": "2022-05-10T15:29:16.169Z", "updated": "2022-05-10T15:29:16.239Z"}}, {"model": "main.parametersetplayer", "pk": 121, "fields": {"parameter_set": 9, "id_label": "Orange", "display_color": "#FF8C00", "timestamp": "2022-05-10T15:29:16.173Z", "updated": "2022-05-10T15:29:16.243Z"}}, {"model": "main.parametersetplayer", "pk": 122, "fields": {"parameter_set": 9, "id_label": "Blue", "display_color": "#6495ED", "timestamp": "2022-05-10T15:29:16.178Z", "updated": "2022-05-10T15:29:16.248Z"}}, {"model": "main.parametersetplayer", "pk": 123, "fields": {"parameter_set": 9, "id_label": "Orange", "display_color": "#FF8C00", "timestamp": "2022-05-10T15:29:16.183Z", "updated": "2022-05-10T15:29:16.252Z"}}, {"model": "main.parametersetplayer", "pk": 124, "fields": {"parameter_set": 9, "id_label": "Blue", "display_color": "#6495ED", "timestamp": "2022-05-10T15:29:16.188Z", "updated": "2022-05-10T15:29:16.256Z"}}, {"model": "main.parametersetplayer", "pk": 125, "fields": {"parameter_set": 9, "id_label": "Orange", "display_color": "#FF8C00", "timestamp": "2022-05-10T15:29:16.192Z", "updated": "2022-05-10T15:29:16.261Z"}}, {"model": "main.parametersetperiod", "pk": 38, "fields": {"parameter_set": 8, "period_number": 1, "period_type": "No Pay", "survey_required": false, "survey_link": "", "show_notice": false, "notice_text": "Notice Text Here", "minimum_wrist_minutes": 1080, "show_graph_1": false, "graph_1_start_period_number": 1, "graph_1_end_period_number": 1, "show_graph_2": false, "graph_2_start_period_number": 1, "graph_2_end_period_number": 1, "pay_block": 1, "timestamp": "2022-03-15T22:11:33.128Z", "updated": "2022-03-15T22:11:33.128Z"}}, {"model": "main.parametersetperiod", "pk": 600, "fields": {"parameter_set": 11, "period_number": 1, "period_type": "No Pay", "survey_required": false, "survey_link": "", "show_notice": false, "notice_text": "Notice Text Here", "minimum_wrist_minutes": 1080, "show_graph_1": false, "graph_1_start_period_number": 1, "graph_1_end_period_number": 1, "show_graph_2": false, "graph_2_start_period_number": 1, "graph_2_end_period_number": 1, "pay_block": 1, "timestamp": "2022-04-14T05:20:02.844Z", "updated": "2022-04-14T05:20:02.844Z"}}, {"model": "main.parametersetperiod", "pk": 1165, "fields": {"parameter_set": 9, "period_number": 1, "period_type": "Fixed Pay", "survey_required": true, "survey_link": "https://chapmanu.co1.qualtrics.com/jfe/form/SV_cRNFJWfTYzrplnU", "show_notice": true, "notice_text": "<p><span style=\"font-size: 14pt;\">Welcome to the study.</span></p>\n<p><span style=\"font-size: 14pt;\">We will display important information throughout the study in this section.</span></p>\n<p><span style=\"font-size: 14pt;\">Today we will talk about the interface, connect the Fitbit to your phone then link your Fitbit account to the study.</span></p>\n<p><span style=\"font-size: 14pt;\">If you have questions please raise your hand.</span></p>", "minimum_wrist_minutes": 10, "show_graph_1": false, "graph_1_start_period_number": 1, "graph_1_end_period_number": 14, "show_graph_2": true, "graph_2_start_period_number": 1, "graph_2_end_period_number": 14, "pay_block": 1, "timestamp": "2022-05-10T15:29:19.123Z", "updated": "2022-05-10T15:29:21.513Z"}}, {"model": "main.parametersetperiod", "pk": 1166, "fields": {"parameter_set": 9, "period_number": 2, "period_type": "Fixed Pay", "survey_required": false, "survey_link": "", "show_notice": false, "notice_text": "<p>Notice Text Here</p>", "minimum_wrist_minutes": 1080, "show_graph_1": false, "graph_1_start_period_number": 1, "graph_1_end_period_number": 14, "show_graph_2": true, "graph_2_start_period_number": 1, "graph_2_end_period_number": 14, "pay_block": 1, "timestamp": "2022-05-10T15:29:19.156Z", "updated": "2022-05-10T15:29:21.537Z"}}, {"model": "main.parametersetperiod", "pk": 1167, "fields": {"parameter_set": 9, "period_number": 3, "period_type": "Fixed Pay", "survey_required": false, "survey_link": "", "show_notice": false, "notice_text": "<p>Notice Text Here</p>", "minimum_wrist_minutes": 1080, "show_graph_1": false, "graph_1_start_period_number": 1, "graph_1_end_period_number": 14, "show_graph_2": true, "graph_2_start_period_number": 1, "graph_2_end_period_number": 14, "pay_block": 1, "timestamp": "2022-05-10T15:29:19.196Z", "updated": "2022-05-10T15:29:21.561Z"}}, {"model": "main.parametersetperiod", "pk": 1168, "fields": {"parameter_set": 9, "period_number": 4, "period_type": "Fixed Pay", "survey_required": false, "survey_link": "", "show_notice": false, "notice_text": "<p>Notice Text Here</p>", "minimum_wrist_minutes": 1080, "show_graph_1": false, "graph_1_start_period_number": 1, "graph_1_end_period_number": 14, "show_graph_2": true, "graph_2_start_period_number": 1, "graph_2_end_period_number": 14, "pay_block": 1, "timestamp": "2022-05-10T15:29:19.225Z", "updated": "2022-05-10T15:29:21.584Z"}}, {"model": "main.parametersetperiod", "pk": 1169, "fields": {"parameter_set": 9, "period_number": 5, "period_type": "Fixed Pay", "survey_required": false, "survey_link": "", "show_notice": false, "notice_text": "<p>Notice Text Here</p>", "minimum_wrist_minutes": 1080, "show_graph_1": false, "graph_1_start_period_number": 1, "graph_1_end_period_number": 14, "show_graph_2": true, "graph_2_start_period_number": 1, "graph_2_end_period_number": 14, "pay_block": 1, "timestamp": "2022-05-10T15:29:19.257Z", "updated": "2022-05-10T15:29:21.607Z"}}, {"model": "main.parametersetperiod", "pk": 1170, "fields": {"parameter_set": 9, "period_number": 6, "period_type": "Fixed Pay", "survey_required": false, "survey_link": "", "show_notice": false, "notice_text": "<p>Notice Text Here</p>", "minimum_wrist_minutes": 1080, "show_graph_1": false, "graph_1_start_period_number": 1, "graph_1_end_period_number": 14, "show_graph_2": true, "graph_2_start_period_number": 1, "graph_2_end_period_number": 14, "pay_block": 1, "timestamp": "2022-05-10T15:29:19.289Z", "updated": "2022-05-10T15:29:21.631Z"}}, {"model": "main.parametersetperiod", "pk": 1171, "fields": {"parameter_set": 9, "period_number": 7, "period_type": "Fixed Pay", "survey_required": false, "survey_link": "", "show_notice": false, "notice_text": "<p>Notice Text Here</p>", "minimum_wrist_minutes": 1080, "show_graph_1": false, "graph_1_start_period_number": 1, "graph_1_end_period_number": 14, "show_graph_2": true, "graph_2_start_period_number": 1, "graph_2_end_period_number": 14, "pay_block": 1, "timestamp": "2022-05-10T15:29:19.320Z", "updated": "2022-05-10T15:29:21.666Z"}}, {"model": "main.parametersetperiod", "pk": 1172, "fields": {"parameter_set": 9, "period_number": 8, "period_type": "Fixed Pay", "survey_required": false, "survey_link": "", "show_notice": true, "notice_text": "<p>The first week of the study is complete.</p>\n<p>You will receive your first payment, the sum of the previous seven days, today by 5 pm from PayPal sent to your Chapman email address.</p>", "minimum_wrist_minutes": 1080, "show_graph_1": false, "graph_1_start_period_number": 1, "graph_1_end_period_number": 14, "show_graph_2": true, "graph_2_start_period_number": 1, "graph_2_end_period_number": 14, "pay_block": 2, "timestamp": "2022-05-10T15:29:19.358Z", "updated": "2022-05-10T15:29:21.690Z"}}, {"model": "main.parametersetperiod", "pk": 1173, "fields": {"parameter_set": 9, "period_number": 9, "period_type": "Fixed Pay", "survey_required": false, "survey_link": "", "show_notice": false, "notice_text": "<p>Notice Text Here</p>", "minimum_wrist_minutes": 1080, "show_graph_1": false, "graph_1_start_period_number": 1, "graph_1_end_period_number": 14, "show_graph_2": true, "graph_2_start_period_number": 1, "graph_2_end_period_number": 14, "pay_block": 2, "timestamp": "2022-05-10T15:29:19.391Z", "updated": "2022-05-10T15:29:21.713Z"}}, {"model": "main.parametersetperiod", "pk": 1174, "fields": {"parameter_set": 9, "period_number": 10, "period_type": "Fixed Pay", "survey_required": false, "survey_link": "", "show_notice": false, "notice_text": "<p>Notice Text Here</p>", "minimum_wrist_minutes": 1080, "show_graph_1": false, "graph_1_start_period_number": 1, "graph_1_end_period_number": 14, "show_graph_2": true, "graph_2_start_period_number": 1, "graph_2_end_period_number": 14, "pay_block": 2, "timestamp": "2022-05-10T15:29:19.423Z", "updated": "2022-05-10T15:29:21.737Z"}}, {"model": "main.parametersetperiod", "pk": 1175, "fields": {"parameter_set": 9, "period_number": 11, "period_type": "Fixed Pay", "survey_required": false, "survey_link": "", "show_notice": false, "notice_text": "<p>Notice Text Here</p>", "minimum_wrist_minutes": 1080, "show_graph_1": false, "graph_1_start_period_number": 1, "graph_1_end_period_number": 14, "show_graph_2": true, "graph_2_start_period_number": 1, "graph_2_end_period_number": 14, "pay_block": 2, "timestamp": "2022-05-10T15:29:19.456Z", "updated": "2022-05-10T15:29:21.759Z"}}, {"model": "main.parametersetperiod", "pk": 1176, "fields": {"parameter_set": 9, "period_number": 12, "period_type": "Fixed Pay", "survey_required": false, "survey_link": "", "show_notice": false, "notice_text": "<p>Notice Text Here</p>", "minimum_wrist_minutes": 1080, "show_graph_1": false, "graph_1_start_period_number": 1, "graph_1_end_period_number": 14, "show_graph_2": true, "graph_2_start_period_number": 1, "graph_2_end_period_number": 14, "pay_block": 2, "timestamp": "2022-05-10T15:29:19.488Z", "updated": "2022-05-10T15:29:21.782Z"}}, {"model": "main.parametersetperiod", "pk": 1177, "fields": {"parameter_set": 9, "period_number": 13, "period_type": "Fixed Pay", "survey_required": false, "survey_link": "", "show_notice": false, "notice_text": "<p>Notice Text Here</p>", "minimum_wrist_minutes": 1080, "show_graph_1": false, "graph_1_start_period_number": 1, "graph_1_end_period_number": 14, "show_graph_2": true, "graph_2_start_period_number": 1, "graph_2_end_period_number": 14, "pay_block": 2, "timestamp": "2022-05-10T15:29:19.520Z", "updated": "2022-05-10T15:29:21.806Z"}}, {"model": "main.parametersetperiod", "pk": 1178, "fields": {"parameter_set": 9, "period_number": 14, "period_type": "Fixed Pay", "survey_required": false, "survey_link": "https://chapmanu.co1.qualtrics.com/jfe/form/SV_3BDbgKZAk8QhFEq", "show_notice": false, "notice_text": "", "minimum_wrist_minutes": 1080, "show_graph_1": false, "graph_1_start_period_number": 1, "graph_1_end_period_number": 14, "show_graph_2": true, "graph_2_start_period_number": 1, "graph_2_end_period_number": 14, "pay_block": 2, "timestamp": "2022-05-10T15:29:19.551Z", "updated": "2022-05-10T15:29:21.828Z"}}, {"model": "main.parametersetperiod", "pk": 1179, "fields": {"parameter_set": 9, "period_number": 15, "period_type": "Group Pay", "survey_required": false, "survey_link": "https://google.com", "show_notice": true, "notice_text": "<p>T<span style=\"font-size: 14pt;\">he way you earn money has changed.&nbsp; Instead of earning a fixed amount each day, we will now pay you based number of Zone Minutes you and your partner accrue each day.</span></p>\n<p><span style=\"font-size: 14pt;\">For more information press the help buttons (?) in each frame.</span></p>\n<p>&nbsp;</p>", "minimum_wrist_minutes": 1080, "show_graph_1": true, "graph_1_start_period_number": 1, "graph_1_end_period_number": 14, "show_graph_2": true, "graph_2_start_period_number": 15, "graph_2_end_period_number": 28, "pay_block": 3, "timestamp": "2022-05-10T15:29:19.584Z", "updated": "2022-05-10T15:29:21.852Z"}}, {"model": "main.parametersetperiod", "pk": 1180, "fields": {"parameter_set": 9, "period_number": 16, "period_type": "Group Pay", "survey_required": false, "survey_link": "", "show_notice": false, "notice_text": "<p>Notice Text Here</p>", "minimum_wrist_minutes": 1080, "show_graph_1": true, "graph_1_start_period_number": 1, "graph_1_end_period_number": 14, "show_graph_2": true, "graph_2_start_period_number": 15, "graph_2_end_period_number": 28, "pay_block": 3, "timestamp": "2022-05-10T15:29:19.617Z", "updated": "2022-05-10T15:29:21.876Z"}}, {"model": "main.parametersetperiod", "pk": 1181, "fields": {"parameter_set": 9, "period_number": 17, "period_type": "Group Pay", "survey_required": false, "survey_link": "", "show_notice": false, "notice_text": "<p>Notice Text Here</p>", "minimum_wrist_minutes": 1080, "show_graph_1": true, "graph_1_start_period_number": 1, "graph_1_end_period_number": 14, "show_graph_2": true, "graph_2_start_period_number": 15, "graph_2_end_period_number": 28, "pay_block": 3, "timestamp": "2022-05-10T15:29:19.651Z", "updated": "2022-05-10T15:29:21.898Z"}}, {"model": "main.parametersetperiod", "pk": 1182, "fields": {"parameter_set": 9, "period_number": 18, "period_type": "Group Pay", "survey_required": false, "survey_link": "", "show_notice": false, "notice_text": "<p>Notice Text Here</p>", "minimum_wrist_minutes": 1080, "show_graph_1": true, "graph_1_start_period_number": 1, "graph_1_end_period_number": 14, "show_graph_2": true, "graph_2_start_period_number": 15, "graph_2_end_period_number": 28, "pay_block": 3, "timestamp": "2022-05-10T15:29:19.683Z", "updated": "2022-05-10T15:29:21.926Z"}}, {"model": "main.parametersetperiod", "pk": 1183, "fields": {"parameter_set": 9, "period_number": 19, "period_type": "Group Pay", "survey_required": false, "survey_link": "", "show_notice": false, "notice_text": "<p>Notice Text Here</p>", "minimum_wrist_minutes": 1080, "show_graph_1": true, "graph_1_start_period_number": 1, "graph_1_end_period_number": 14, "show_graph_2": true, "graph_2_start_period_number": 15, "graph_2_end_period_number": 28, "pay_block": 3, "timestamp": "2022-05-10T15:29:19.716Z", "updated": "2022-05-10T15:29:21.951Z"}}, {"model": "main.parametersetperiod", "pk": 1184, "fields": {"parameter_set": 9, "period_number": 20, "period_type": "Group Pay", "survey_required": false, "survey_link": "", "show_notice": false, "notice_text": "<p>Notice Text Here</p>", "minimum_wrist_minutes": 1080, "show_graph_1": true, "graph_1_start_period_number": 1, "graph_1_end_period_number": 14, "show_graph_2": true, "graph_2_start_period_number": 15, "graph_2_end_period_number": 28, "pay_block": 3, "timestamp": "2022-05-10T15:29:19.746Z", "updated": "2022-05-10T15:29:21.977Z"}}, {"model": "main.parametersetperiod", "pk": 1185, "fields": {"parameter_set": 9, "period_number": 21, "period_type": "Group Pay", "survey_required": false, "survey_link": "", "show_notice": false, "notice_text": "<p>Notice Text Here</p>", "minimum_wrist_minutes": 1080, "show_graph_1": true, "graph_1_start_period_number": 1, "graph_1_end_period_number": 14, "show_graph_2": true, "graph_2_start_period_number": 15, "graph_2_end_period_number": 28, "pay_block": 3, "timestamp": "2022-05-10T15:29:19.778Z", "updated": "2022-05-10T15:29:22.001Z"}}, {"model": "main.parametersetperiod", "pk": 1186, "fields": {"parameter_set": 9, "period_number": 22, "period_type": "Group Pay", "survey_required": false, "survey_link": "", "show_notice": false, "notice_text": "<p>Notice Text Here</p>", "minimum_wrist_minutes": 1080, "show_graph_1": true, "graph_1_start_period_number": 1, "graph_1_end_period_number": 14, "show_graph_2": true, "graph_2_start_period_number": 15, "graph_2_end_period_number": 28, "pay_block": 4, "timestamp": "2022-05-10T15:29:19.808Z", "updated": "2022-05-10T15:29:22.024Z"}}, {"model": "main.parametersetperiod", "pk": 1187, "fields": {"parameter_set": 9, "period_number": 23, "period_type": "Group Pay", "survey_required": false, "survey_link": "", "show_notice": false, "notice_text": "<p>Notice Text Here</p>", "minimum_wrist_minutes": 1080, "show_graph_1": true, "graph_1_start_period_number": 1, "graph_1_end_period_number": 14, "show_graph_2": true, "graph_2_start_period_number": 15, "graph_2_end_period_number": 28, "pay_block": 4, "timestamp": "2022-05-10T15:29:19.840Z", "updated": "2022-05-10T15:29:22.047Z"}}, {"model": "main.parametersetperiod", "pk": 1188, "fields": {"parameter_set": 9, "period_number": 24, "period_type": "Group Pay", "survey_required": false, "survey_link": "", "show_notice": false, "notice_text": "<p>Notice Text Here</p>", "minimum_wrist_minutes": 1080, "show_graph_1": true, "graph_1_start_period_number": 1, "graph_1_end_period_number": 14, "show_graph_2": true, "graph_2_start_period_number": 15, "graph_2_end_period_number": 28, "pay_block": 4, "timestamp": "2022-05-10T15:29:19.872Z", "updated": "2022-05-10T15:29:22.070Z"}}, {"model": "main.parametersetperiod", "pk": 1189, "fields": {"parameter_set": 9, "period_number": 25, "period_type": "Group Pay", "survey_required": false, "survey_link": "", "show_notice": false, "notice_text": "<p>Notice Text Here</p>", "minimum_wrist_minutes": 1080, "show_graph_1": true, "graph_1_start_period_number": 1, "graph_1_end_period_number": 14, "show_graph_2": true, "graph_2_start_period_number": 15, "graph_2_end_period_number": 28, "pay_block": 4, "timestamp": "2022-05-10T15:29:19.905Z", "updated": "2022-05-10T15:29:22.094Z"}}, {"model": "main.parametersetperiod", "pk": 1190, "fields": {"parameter_set": 9, "period_number": 26, "period_type": "Group Pay", "survey_required": false, "survey_link": "", "show_notice": false, "notice_text": "<p>Notice Text Here</p>", "minimum_wrist_minutes": 1080, "show_graph_1": true, "graph_1_start_period_number": 1, "graph_1_end_period_number": 14, "show_graph_2": true, "graph_2_start_period_number": 15, "graph_2_end_period_number": 28, "pay_block": 4, "timestamp": "2022-05-10T15:29:19.936Z", "updated": "2022-05-10T15:29:22.117Z"}}, {"model": "main.parametersetperiod", "pk": 1191, "fields": {"parameter_set": 9, "period_number": 27, "period_type": "Group Pay", "survey_required": false, "survey_link": "", "show_notice": false, "notice_text": "<p>Notice Text Here</p>", "minimum_wrist_minutes": 1080, "show_graph_1": true, "graph_1_start_period_number": 1, "graph_1_end_period_number": 14, "show_graph_2": true, "graph_2_start_period_number": 15, "graph_2_end_period_number": 28, "pay_block": 4, "timestamp": "2022-05-10T15:29:19.968Z", "updated": "2022-05-10T15:29:22.141Z"}}, {"model": "main.parametersetperiod", "pk": 1192, "fields": {"parameter_set": 9, "period_number": 28, "period_type": "Group Pay", "survey_required": true, "survey_link": "https://chapmanu.co1.qualtrics.com/jfe/form/SV_dbDzd9Pf661ziHY", "show_notice": false, "notice_text": "<p>Notice Text Here</p>", "minimum_wrist_minutes": 1080, "show_graph_1": true, "graph_1_start_period_number": 1, "graph_1_end_period_number": 14, "show_graph_2": true, "graph_2_start_period_number": 15, "graph_2_end_period_number": 28, "pay_block": 4, "timestamp": "2022-05-10T15:29:20.001Z", "updated": "2022-05-10T15:29:22.167Z"}}, {"model": "main.parametersetperiod", "pk": 1193, "fields": {"parameter_set": 9, "period_number": 29, "period_type": "Group Pay", "survey_required": false, "survey_link": "http://google.com", "show_notice": false, "notice_text": "<p>Day 29 notice</p>", "minimum_wrist_minutes": 1080, "show_graph_1": true, "graph_1_start_period_number": 15, "graph_1_end_period_number": 28, "show_graph_2": true, "graph_2_start_period_number": 29, "graph_2_end_period_number": 42, "pay_block": 5, "timestamp": "2022-05-10T15:29:20.034Z", "updated": "2022-05-10T15:29:22.192Z"}}, {"model": "main.parametersetperiod", "pk": 1194, "fields": {"parameter_set": 9, "period_number": 30, "period_type": "Group Pay", "survey_required": false, "survey_link": "", "show_notice": false, "notice_text": "<p>Notice Text Here</p>", "minimum_wrist_minutes": 1080, "show_graph_1": true, "graph_1_start_period_number": 15, "graph_1_end_period_number": 28, "show_graph_2": true, "graph_2_start_period_number": 29, "graph_2_end_period_number": 42, "pay_block": 5, "timestamp": "2022-05-10T15:29:20.066Z", "updated": "2022-05-10T15:29:22.215Z"}}, {"model": "main.parametersetperiod", "pk": 1195, "fields": {"parameter_set": 9, "period_number": 31, "period_type": "Group Pay", "survey_required": false, "survey_link": "", "show_notice": false, "notice_text": "Notice Text Here", "minimum_wrist_minutes": 1080, "show_graph_1": true, "graph_1_start_period_number": 15, "graph_1_end_period_number": 28, "show_graph_2": true, "graph_2_start_period_number": 29, "graph_2_end_period_number": 42, "pay_block": 5, "timestamp": "2022-05-10T15:29:20.100Z", "updated": "2022-05-10T15:29:22.239Z"}}, {"model": "main.parametersetperiod", "pk": 1196, "fields": {"parameter_set": 9, "period_number": 32, "period_type": "Group Pay", "survey_required": false, "survey_link": "", "show_notice": false, "notice_text": "Notice Text Here", "minimum_wrist_minutes": 1080, "show_graph_1": true, "graph_1_start_period_number": 15, "graph_1_end_period_number": 28, "show_graph_2": true, "graph_2_start_period_number": 29, "graph_2_end_period_number": 42, "pay_block": 5, "timestamp": "2022-05-10T15:29:20.134Z", "updated": "2022-05-10T15:29:22.262Z"}}, {"model": "main.parametersetperiod", "pk": 1197, "fields": {"parameter_set": 9, "period_number": 33, "period_type": "Group Pay", "survey_required": false, "survey_link": "", "show_notice": false, "notice_text": "Notice Text Here", "minimum_wrist_minutes": 1080, "show_graph_1": true, "graph_1_start_period_number": 15, "graph_1_end_period_number": 28, "show_graph_2": true, "graph_2_start_period_number": 29, "graph_2_end_period_number": 42, "pay_block": 5, "timestamp": "2022-05-10T15:29:20.195Z", "updated": "2022-05-10T15:29:22.286Z"}}, {"model": "main.parametersetperiod", "pk": 1198, "fields": {"parameter_set": 9, "period_number": 34, "period_type": "Group Pay", "survey_required": false, "survey_link": "", "show_notice": false, "notice_text": "Notice Text Here", "minimum_wrist_minutes": 1080, "show_graph_1": true, "graph_1_start_period_number": 15, "graph_1_end_period_number": 28, "show_graph_2": true, "graph_2_start_period_number": 29, "graph_2_end_period_number": 42, "pay_block": 5, "timestamp": "2022-05-10T15:29:20.230Z", "updated": "2022-05-10T15:29:22.309Z"}}, {"model": "main.parametersetperiod", "pk": 1199, "fields": {"parameter_set": 9, "period_number": 35, "period_type": "Group Pay", "survey_required": false, "survey_link": "", "show_notice": false, "notice_text": "Notice Text Here", "minimum_wrist_minutes": 1080, "show_graph_1": true, "graph_1_start_period_number": 15, "graph_1_end_period_number": 28, "show_graph_2": true, "graph_2_start_period_number": 29, "graph_2_end_period_number": 42, "pay_block": 5, "timestamp": "2022-05-10T15:29:20.264Z", "updated": "2022-05-10T15:29:22.332Z"}}, {"model": "main.parametersetperiod", "pk": 1200, "fields": {"parameter_set": 9, "period_number": 36, "period_type": "Group Pay", "survey_required": false, "survey_link": "", "show_notice": false, "notice_text": "<p>Notice Text Here</p>", "minimum_wrist_minutes": 1080, "show_graph_1": true, "graph_1_start_period_number": 15, "graph_1_end_period_number": 28, "show_graph_2": true, "graph_2_start_period_number": 29, "graph_2_end_period_number": 42, "pay_block": 6, "timestamp": "2022-05-10T15:29:20.295Z", "updated": "2022-05-10T15:29:22.355Z"}}, {"model": "main.parametersetperiod", "pk": 1201, "fields": {"parameter_set": 9, "period_number": 37, "period_type": "Group Pay", "survey_required": false, "survey_link": "", "show_notice": false, "notice_text": "<p>Notice Text Here</p>", "minimum_wrist_minutes": 1080, "show_graph_1": true, "graph_1_start_period_number": 15, "graph_1_end_period_number": 28, "show_graph_2": true, "graph_2_start_period_number": 29, "graph_2_end_period_number": 42, "pay_block": 6, "timestamp": "2022-05-10T15:29:20.339Z", "updated": "2022-05-10T15:29:22.379Z"}}, {"model": "main.parametersetperiod", "pk": 1202, "fields": {"parameter_set": 9, "period_number": 38, "period_type": "Group Pay", "survey_required": false, "survey_link": "", "show_notice": false, "notice_text": "Notice Text Here", "minimum_wrist_minutes": 1080, "show_graph_1": true, "graph_1_start_period_number": 15, "graph_1_end_period_number": 28, "show_graph_2": true, "graph_2_start_period_number": 29, "graph_2_end_period_number": 42, "pay_block": 6, "timestamp": "2022-05-10T15:29:20.372Z", "updated": "2022-05-10T15:29:22.403Z"}}, {"model": "main.parametersetperiod", "pk": 1203, "fields": {"parameter_set": 9, "period_number": 39, "period_type": "Group Pay", "survey_required": false, "survey_link": "", "show_notice": false, "notice_text": "Notice Text Here", "minimum_wrist_minutes": 1080, "show_graph_1": true, "graph_1_start_period_number": 15, "graph_1_end_period_number": 28, "show_graph_2": true, "graph_2_start_period_number": 29, "graph_2_end_period_number": 42, "pay_block": 6, "timestamp": "2022-05-10T15:29:20.405Z", "updated": "2022-05-10T15:29:22.427Z"}}, {"model": "main.parametersetperiod", "pk": 1204, "fields": {"parameter_set": 9, "period_number": 40, "period_type": "Group Pay", "survey_required": false, "survey_link": "", "show_notice": false, "notice_text": "Notice Text Here", "minimum_wrist_minutes": 1080, "show_graph_1": true, "graph_1_start_period_number": 15, "graph_1_end_period_number": 28, "show_graph_2": true, "graph_2_start_period_number": 29, "graph_2_end_period_number": 42, "pay_block": 6, "timestamp": "2022-05-10T15:29:20.437Z", "updated": "2022-05-10T15:29:22.456Z"}}, {"model": "main.parametersetperiod", "pk": 1205, "fields": {"parameter_set": 9, "period_number": 41, "period_type": "Group Pay", "survey_required": false, "survey_link": "", "show_notice": false, "notice_text": "Notice Text Here", "minimum_wrist_minutes": 1080, "show_graph_1": true, "graph_1_start_period_number": 15, "graph_1_end_period_number": 28, "show_graph_2": true, "graph_2_start_period_number": 29, "graph_2_end_period_number": 42, "pay_block": 6, "timestamp": "2022-05-10T15:29:20.482Z", "updated": "2022-05-10T15:29:22.480Z"}}, {"model": "main.parametersetperiod", "pk": 1206, "fields": {"parameter_set": 9, "period_number": 42, "period_type": "Group Pay", "survey_required": true, "survey_link": "https://chapmanu.co1.qualtrics.com/jfe/form/SV_07lAqD8iIb9vwea", "show_notice": false, "notice_text": "<p>Notice Text Here</p>", "minimum_wrist_minutes": 1080, "show_graph_1": true, "graph_1_start_period_number": 15, "graph_1_end_period_number": 28, "show_graph_2": true, "graph_2_start_period_number": 29, "graph_2_end_period_number": 42, "pay_block": 6, "timestamp": "2022-05-10T15:29:20.515Z", "updated": "2022-05-10T15:29:22.510Z"}}, {"model": "main.parametersetperiod", "pk": 1207, "fields": {"parameter_set": 9, "period_number": 43, "period_type": "Fixed Pay", "survey_required": false, "survey_link": "", "show_notice": true, "notice_text": "<p>T<span style=\"font-size: 14pt;\">he way you earn money has changed.&nbsp; Instead of paying you based number of Zone Minutes you and your partner accrue each day, you and your partner will earn a fixed amount for checking in each day.</span></p>\n<p><span style=\"font-size: 14pt;\">For more information press the help buttons (?) in each frame.</span></p>", "minimum_wrist_minutes": 1080, "show_graph_1": true, "graph_1_start_period_number": 29, "graph_1_end_period_number": 42, "show_graph_2": true, "graph_2_start_period_number": 43, "graph_2_end_period_number": 56, "pay_block": 7, "timestamp": "2022-05-10T15:29:20.548Z", "updated": "2022-05-10T15:29:22.546Z"}}, {"model": "main.parametersetperiod", "pk": 1208, "fields": {"parameter_set": 9, "period_number": 44, "period_type": "Fixed Pay", "survey_required": false, "survey_link": "", "show_notice": false, "notice_text": "<p>Notice Text Here</p>", "minimum_wrist_minutes": 1080, "show_graph_1": true, "graph_1_start_period_number": 29, "graph_1_end_period_number": 42, "show_graph_2": true, "graph_2_start_period_number": 43, "graph_2_end_period_number": 56, "pay_block": 7, "timestamp": "2022-05-10T15:29:20.580Z", "updated": "2022-05-10T15:29:22.573Z"}}, {"model": "main.parametersetperiod", "pk": 1209, "fields": {"parameter_set": 9, "period_number": 45, "period_type": "Fixed Pay", "survey_required": false, "survey_link": "", "show_notice": false, "notice_text": "Notice Text Here", "minimum_wrist_minutes": 1080, "show_graph_1": true, "graph_1_start_period_number": 29, "graph_1_end_period_number": 42, "show_graph_2": true, "graph_2_start_period_number": 43, "graph_2_end_period_number": 56, "pay_block": 7, "timestamp": "2022-05-10T15:29:20.613Z", "updated": "2022-05-10T15:29:22.606Z"}}, {"model": "main.parametersetperiod", "pk": 1210, "fields": {"parameter_set": 9, "period_number": 46, "period_type": "Fixed Pay", "survey_required": false, "survey_link": "", "show_notice": false, "notice_text": "Notice Text Here", "minimum_wrist_minutes": 1080, "show_graph_1": true, "graph_1_start_period_number": 29, "graph_1_end_period_number": 42, "show_graph_2": true, "graph_2_start_period_number": 43, "graph_2_end_period_number": 56, "pay_block": 7, "timestamp": "2022-05-10T15:29:20.645Z", "updated": "2022-05-10T15:29:22.634Z"}}, {"model": "main.parametersetperiod", "pk": 1211, "fields": {"parameter_set": 9, "period_number": 47, "period_type": "Fixed Pay", "survey_required": false, "survey_link": "", "show_notice": false, "notice_text": "Notice Text Here", "minimum_wrist_minutes": 1080, "show_graph_1": true, "graph_1_start_period_number": 29, "graph_1_end_period_number": 42, "show_graph_2": true, "graph_2_start_period_number": 43, "graph_2_end_period_number": 56, "pay_block": 7, "timestamp": "2022-05-10T15:29:20.676Z", "updated": "2022-05-10T15:29:22.705Z"}}, {"model": "main.parametersetperiod", "pk": 1212, "fields": {"parameter_set": 9, "period_number": 48, "period_type": "Fixed Pay", "survey_required": false, "survey_link": "", "show_notice": false, "notice_text": "Notice Text Here", "minimum_wrist_minutes": 1080, "show_graph_1": true, "graph_1_start_period_number": 29, "graph_1_end_period_number": 42, "show_graph_2": true, "graph_2_start_period_number": 43, "graph_2_end_period_number": 56, "pay_block": 7, "timestamp": "2022-05-10T15:29:20.708Z", "updated": "2022-05-10T15:29:22.734Z"}}, {"model": "main.parametersetperiod", "pk": 1213, "fields": {"parameter_set": 9, "period_number": 49, "period_type": "Fixed Pay", "survey_required": false, "survey_link": "", "show_notice": false, "notice_text": "Notice Text Here", "minimum_wrist_minutes": 1080, "show_graph_1": true, "graph_1_start_period_number": 29, "graph_1_end_period_number": 42, "show_graph_2": true, "graph_2_start_period_number": 43, "graph_2_end_period_number": 56, "pay_block": 7, "timestamp": "2022-05-10T15:29:20.740Z", "updated": "2022-05-10T15:29:22.765Z"}}, {"model": "main.parametersetperiod", "pk": 1214, "fields": {"parameter_set": 9, "period_number": 50, "period_type": "Fixed Pay", "survey_required": false, "survey_link": "", "show_notice": false, "notice_text": "<p>Notice Text Here</p>", "minimum_wrist_minutes": 1080, "show_graph_1": true, "graph_1_start_period_number": 29, "graph_1_end_period_number": 42, "show_graph_2": true, "graph_2_start_period_number": 43, "graph_2_end_period_number": 56, "pay_block": 8, "timestamp": "2022-05-10T15:29:20.770Z", "updated": "2022-05-10T15:29:22.807Z"}}, {"model": "main.parametersetperiod", "pk": 1215, "fields": {"parameter_set": 9, "period_number": 51, "period_type": "Fixed Pay", "survey_required": false, "survey_link": "", "show_notice": false, "notice_text": "<p>Notice Text Here</p>", "minimum_wrist_minutes": 1080, "show_graph_1": true, "graph_1_start_period_number": 29, "graph_1_end_period_number": 42, "show_graph_2": true, "graph_2_start_period_number": 43, "graph_2_end_period_number": 56, "pay_block": 8, "timestamp": "2022-05-10T15:29:20.801Z", "updated": "2022-05-10T15:29:22.829Z"}}, {"model": "main.parametersetperiod", "pk": 1216, "fields": {"parameter_set": 9, "period_number": 52, "period_type": "Fixed Pay", "survey_required": false, "survey_link": "", "show_notice": false, "notice_text": "Notice Text Here", "minimum_wrist_minutes": 1080, "show_graph_1": true, "graph_1_start_period_number": 29, "graph_1_end_period_number": 42, "show_graph_2": true, "graph_2_start_period_number": 43, "graph_2_end_period_number": 56, "pay_block": 8, "timestamp": "2022-05-10T15:29:20.833Z", "updated": "2022-05-10T15:29:22.852Z"}}, {"model": "main.parametersetperiod", "pk": 1217, "fields": {"parameter_set": 9, "period_number": 53, "period_type": "Fixed Pay", "survey_required": false, "survey_link": "", "show_notice": false, "notice_text": "Notice Text Here", "minimum_wrist_minutes": 1080, "show_graph_1": true, "graph_1_start_period_number": 29, "graph_1_end_period_number": 42, "show_graph_2": true, "graph_2_start_period_number": 43, "graph_2_end_period_number": 56, "pay_block": 8, "timestamp": "2022-05-10T15:29:20.865Z", "updated": "2022-05-10T15:29:22.875Z"}}, {"model": "main.parametersetperiod", "pk": 1218, "fields": {"parameter_set": 9, "period_number": 54, "period_type": "Fixed Pay", "survey_required": false, "survey_link": "", "show_notice": false, "notice_text": "Notice Text Here", "minimum_wrist_minutes": 1080, "show_graph_1": true, "graph_1_start_period_number": 29, "graph_1_end_period_number": 42, "show_graph_2": true, "graph_2_start_period_number": 43, "graph_2_end_period_number": 56, "pay_block": 8, "timestamp": "2022-05-10T15:29:20.897Z", "updated": "2022-05-10T15:29:22.898Z"}}, {"model": "main.parametersetperiod", "pk": 1219, "fields": {"parameter_set": 9, "period_number": 55, "period_type": "Fixed Pay", "survey_required": false, "survey_link": "", "show_notice": false, "notice_text": "Notice Text Here", "minimum_wrist_minutes": 1080, "show_graph_1": true, "graph_1_start_period_number": 29, "graph_1_end_period_number": 42, "show_graph_2": true, "graph_2_start_period_number": 43, "graph_2_end_period_number": 56, "pay_block": 8, "timestamp": "2022-05-10T15:29:20.938Z", "updated": "2022-05-10T15:29:22.920Z"}}, {"model": "main.parametersetperiod", "pk": 1220, "fields": {"parameter_set": 9, "period_number": 56, "period_type": "Fixed Pay", "survey_required": false, "survey_link": "https://chapmanu.co1.qualtrics.com/jfe/form/SV_3BDbgKZAk8QhFEq", "show_notice": false, "notice_text": "<p>Notice Text Here</p>", "minimum_wrist_minutes": 1080, "show_graph_1": true, "graph_1_start_period_number": 29, "graph_1_end_period_number": 42, "show_graph_2": true, "graph_2_start_period_number": 43, "graph_2_end_period_number": 56, "pay_block": 8, "timestamp": "2022-05-10T15:29:20.975Z", "updated": "2022-05-10T15:29:22.953Z"}}, {"model": "main.parametersetperiod", "pk": 1221, "fields": {"parameter_set": 9, "period_number": 57, "period_type": "No Pay", "survey_required": false, "survey_link": "", "show_notice": true, "notice_text": "<p>T<span style=\"font-size: 14pt;\">he way you earn money has changed. You and your partner will no longer earn money for checking in each day.&nbsp; However, if you continue to check in each day, you will be allowed to keep your Fitbit at the end fo the study.</span></p>\n<p><span style=\"font-size: 14pt;\">For more information press the help buttons (?) in each frame.</span></p>", "minimum_wrist_minutes": 1080, "show_graph_1": true, "graph_1_start_period_number": 43, "graph_1_end_period_number": 56, "show_graph_2": true, "graph_2_start_period_number": 57, "graph_2_end_period_number": 70, "pay_block": 9, "timestamp": "2022-05-10T15:29:21.009Z", "updated": "2022-05-10T15:29:22.976Z"}}, {"model": "main.parametersetperiod", "pk": 1222, "fields": {"parameter_set": 9, "period_number": 58, "period_type": "No Pay", "survey_required": false, "survey_link": "", "show_notice": false, "notice_text": "<p>Notice Text Here</p>", "minimum_wrist_minutes": 1080, "show_graph_1": true, "graph_1_start_period_number": 43, "graph_1_end_period_number": 56, "show_graph_2": true, "graph_2_start_period_number": 57, "graph_2_end_period_number": 70, "pay_block": 9, "timestamp": "2022-05-10T15:29:21.043Z", "updated": "2022-05-10T15:29:22.998Z"}}, {"model": "main.parametersetperiod", "pk": 1223, "fields": {"parameter_set": 9, "period_number": 59, "period_type": "No Pay", "survey_required": false, "survey_link": "", "show_notice": false, "notice_text": "Notice Text Here", "minimum_wrist_minutes": 1080, "show_graph_1": true, "graph_1_start_period_number": 43, "graph_1_end_period_number": 56, "show_graph_2": true, "graph_2_start_period_number": 57, "graph_2_end_period_number": 70, "pay_block": 9, "timestamp": "2022-05-10T15:29:21.076Z", "updated": "2022-05-10T15:29:23.020Z"}}, {"model": "main.parametersetperiod", "pk": 1224, "fields": {"parameter_set": 9, "period_number": 60, "period_type": "No Pay", "survey_required": false, "survey_link": "", "show_notice": false, "notice_text": "Notice Text Here", "minimum_wrist_minutes": 1080, "show_graph_1": true, "graph_1_start_period_number": 43, "graph_1_end_period_number": 56, "show_graph_2": true, "graph_2_start_period_number": 57, "graph_2_end_period_number": 70, "pay_block": 9, "timestamp": "2022-05-10T15:29:21.108Z", "updated": "2022-05-10T15:29:23.042Z"}}, {"model": "main.parametersetperiod", "pk": 1225, "fields": {"parameter_set": 9, "period_number": 61, "period_type": "No Pay", "survey_required": false, "survey_link": "", "show_notice": false, "notice_text": "Notice Text Here", "minimum_wrist_minutes": 1080, "show_graph_1": true, "graph_1_start_period_number": 43, "graph_1_end_period_number": 56, "show_graph_2": true, "graph_2_start_period_number": 57, "graph_2_end_period_number": 70, "pay_block": 9, "timestamp": "2022-05-10T15:29:21.139Z", "updated": "2022-05-10T15:29:23.063Z"}}, {"model": "main.parametersetperiod", "pk": 1226, "fields": {"parameter_set": 9, "period_number": 62, "period_type": "No Pay", "survey_required": false, "survey_link": "", "show_notice": false, "notice_text": "Notice Text Here", "minimum_wrist_minutes": 1080, "show_graph_1": true, "graph_1_start_period_number": 43, "graph_1_end_period_number": 56, "show_graph_2": true, "graph_2_start_period_number": 57, "graph_2_end_period_number": 70, "pay_block": 9, "timestamp": "2022-05-10T15:29:21.171Z", "updated": "2022-05-10T15:29:23.085Z"}}, {"model": "main.parametersetperiod", "pk": 1227, "fields": {"parameter_set": 9, "period_number": 63, "period_type": "No Pay", "survey_required": false, "survey_link": "", "show_notice": false, "notice_text": "Notice Text Here", "minimum_wrist_minutes": 1080, "show_graph_1": true, "graph_1_start_period_number": 43, "graph_1_end_period_number": 56, "show_graph_2": true, "graph_2_start_period_number": 57, "graph_2_end_period_number": 70, "pay_block": 9, "timestamp": "2022-05-10T15:29:21.205Z", "updated": "2022-05-10T15:29:23.106Z"}}, {"model": "main.parametersetperiod", "pk": 1228, "fields": {"parameter_set": 9, "period_number": 64, "period_type": "No Pay", "survey_required": false, "survey_link": "", "show_notice": false, "notice_text": "Notice Text Here", "minimum_wrist_minutes": 1080, "show_graph_1": true, "graph_1_start_period_number": 43, "graph_1_end_period_number": 56, "show_graph_2": true, "graph_2_start_period_number": 57, "graph_2_end_period_number": 70, "pay_block": 9, "timestamp": "2022-05-10T15:29:21.237Z", "updated": "2022-05-10T15:29:23.130Z"}}, {"model": "main.parametersetperiod", "pk": 1229, "fields": {"parameter_set": 9, "period_number": 65, "period_type": "No Pay", "survey_required": false, "survey_link": "", "show_notice": false, "notice_text": "<p>Notice Text Here</p>", "minimum_wrist_minutes": 1080, "show_graph_1": true, "graph_1_start_period_number": 43, "graph_1_end_period_number": 56, "show_graph_2": true, "graph_2_start_period_number": 57, "graph_2_end_period_number": 70, "pay_block": 9, "timestamp": "2022-05-10T15:29:21.271Z", "updated": "2022-05-10T15:29:23.152Z"}}, {"model": "main.parametersetperiod", "pk": 1230, "fields": {"parameter_set": 9, "period_number": 66, "period_type": "No Pay", "survey_required": false, "survey_link": "", "show_notice": false, "notice_text": "Notice Text Here", "minimum_wrist_minutes": 1080, "show_graph_1": true, "graph_1_start_period_number": 43, "graph_1_end_period_number": 56, "show_graph_2": true, "graph_2_start_period_number": 57, "graph_2_end_period_number": 70, "pay_block": 9, "timestamp": "2022-05-10T15:29:21.303Z", "updated": "2022-05-10T15:29:23.174Z"}}, {"model": "main.parametersetperiod", "pk": 1231, "fields": {"parameter_set": 9, "period_number": 67, "period_type": "No Pay", "survey_required": false, "survey_link": "", "show_notice": false, "notice_text": "Notice Text Here", "minimum_wrist_minutes": 1080, "show_graph_1": true, "graph_1_start_period_number": 43, "graph_1_end_period_number": 56, "show_graph_2": true, "graph_2_start_period_number": 57, "graph_2_end_period_number": 70, "pay_block": 9, "timestamp": "2022-05-10T15:29:21.377Z", "updated": "2022-05-10T15:29:23.198Z"}}, {"model": "main.parametersetperiod", "pk": 1232, "fields": {"parameter_set": 9, "period_number": 68, "period_type": "No Pay", "survey_required": false, "survey_link": "", "show_notice": false, "notice_text": "Notice Text Here", "minimum_wrist_minutes": 1080, "show_graph_1": true, "graph_1_start_period_number": 43, "graph_1_end_period_number": 56, "show_graph_2": true, "graph_2_start_period_number": 57, "graph_2_end_period_number": 70, "pay_block": 9, "timestamp": "2022-05-10T15:29:21.410Z", "updated": "2022-05-10T15:29:23.220Z"}}, {"model": "main.parametersetperiod", "pk": 1233, "fields": {"parameter_set": 9, "period_number": 69, "period_type": "No Pay", "survey_required": false, "survey_link": "", "show_notice": false, "notice_text": "Notice Text Here", "minimum_wrist_minutes": 1080, "show_graph_1": true, "graph_1_start_period_number": 43, "graph_1_end_period_number": 56, "show_graph_2": true, "graph_2_start_period_number": 57, "graph_2_end_period_number": 70, "pay_block": 9, "timestamp": "2022-05-10T15:29:21.442Z", "updated": "2022-05-10T15:29:23.242Z"}}, {"model": "main.parametersetperiod", "pk": 1234, "fields": {"parameter_set": 9, "period_number": 70, "period_type": "No Pay", "survey_required": true, "survey_link": "https://chapmanu.co1.qualtrics.com/jfe/form/SV_ebQyAVEoN5DKWeW", "show_notice": true, "notice_text": "<p>Today is the last day of the study.</p>\n<p>You will receive your final payment tomorrow.</p>\n<p>Thank you for your participation!</p>", "minimum_wrist_minutes": 1080, "show_graph_1": true, "graph_1_start_period_number": 43, "graph_1_end_period_number": 56, "show_graph_2": true, "graph_2_start_period_number": 57, "graph_2_end_period_number": 70, "pay_block": 9, "timestamp": "2022-05-10T15:29:21.474Z", "updated": "2022-05-10T15:29:23.264Z"}}, {"model": "main.parametersetperiodpayment", "pk": 3657, "fields": {"parameter_set_period": 600, "parameter_set_zone_minutes": 48, "payment": "0.00", "group_bonus": "0.00", "no_pay_percent": 0, "timestamp": "2022-04-14T05:20:02.852Z", "updated": "2022-04-14T05:20:02.852Z"}}, {"model": "main.parametersetperiodpayment", "pk": 7758, "fields": {"parameter_set_period": 1165, "parameter_set_zone_minutes": 85, "payment": "3.00", "group_bonus": "0.00", "no_pay_percent": 0, "timestamp": "2022-05-10T15:29:19.129Z", "updated": "2022-05-10T15:29:21.519Z"}}, {"model": "main.parametersetperiodpayment", "pk": 7759, "fields": {"parameter_set_period": 1165, "parameter_set_zone_minutes": 86, "payment": "3.00", "group_bonus": "0.00", "no_pay_percent": 0, "timestamp": "2022-05-10T15:29:19.136Z", "updated": "2022-05-10T15:29:21.523Z"}}, {"model": "main.parametersetperiodpayment", "pk": 7760, "fields": {"parameter_set_period": 1165, "parameter_set_zone_minutes": 87, "payment": "3.00", "group_bonus": "0.00", "no_pay_percent": 0, "timestamp": "2022-05-10T15:29:19.142Z", "updated": "2022-05-10T15:29:21.527Z"}}, {"model": "main.parametersetperiodpayment", "pk": 7761, "fields": {"parameter_set_period": 1165, "parameter_set_zone_minutes": 88, "payment": "3.00", "group_bonus": "0.00", "no_pay_percent": 0, "timestamp": "2022-05-10T15:29:19.149Z", "updated": "2022-05-10T15:29:21.531Z"}}, {"model": "main.parametersetperiodpayment", "pk": 7762, "fields": {"parameter_set_period": 1166, "parameter_set_zone_minutes": 85, "payment": "3.00", "group_bonus": "0.00", "no_pay_percent": 0, "timestamp": "2022-05-10T15:29:19.162Z", "updated": "2022-05-10T15:29:21.543Z"}}, {"model": "main.parametersetperiodpayment", "pk": 7763, "fields": {"parameter_set_period": 1166, "parameter_set_zone_minutes": 86, "payment": "3.00", "group_bonus": "0.00", "no_pay_percent": 0, "timestamp": "2022-05-10T15:29:19.168Z", "updated": "2022-05-10T15:29:21.548Z"}}, {"model": "main.parametersetperiodpayment", "pk": 7764, "fields": {"parameter_set_period": 1166, "parameter_set_zone_minutes": 87, "payment": "3.00", "group_bonus": "0.00", "no_pay_percent": 0, "timestamp": "2022-05-10T15:29:19.184Z", "updated": "2022-05-10T15:29:21.553Z"}}, {"model": "main.parametersetperiodpayment", "pk": 7765, "fields": {"parameter_set_period": 1166, "parameter_set_zone_minutes": 88, "payment": "3.00", "group_bonus": "0.00", "no_pay_percent": 0, "timestamp": "2022-05-10T15:29:19.190Z", "updated": "2022-05-10T15:29:21.557Z"}}, {"model": "main.parametersetperiodpayment", "pk": 7766, "fields": {"parameter_set_period": 1167, "parameter_set_zone_minutes": 85, "payment": "3.00", "group_bonus": "0.00", "no_pay_percent": 0, "timestamp": "2022-05-10T15:29:19.202Z", "updated": "2022-05-10T15:29:21.567Z"}}, {"model": "main.parametersetperiodpayment", "pk": 7767, "fields": {"parameter_set_period": 1167, "parameter_set_zone_minutes": 86, "payment": "3.00", "group_bonus": "0.00", "no_pay_percent": 0, "timestamp": "2022-05-10T15:29:19.208Z", "updated": "2022-05-10T15:29:21.571Z"}}, {"model": "main.parametersetperiodpayment", "pk": 7768, "fields": {"parameter_set_period": 1167, "parameter_set_zone_minutes": 87, "payment": "3.00", "group_bonus": "0.00", "no_pay_percent": 0, "timestamp": "2022-05-10T15:29:19.213Z", "updated": "2022-05-10T15:29:21.576Z"}}, {"model": "main.parametersetperiodpayment", "pk": 7769, "fields": {"parameter_set_period": 1167, "parameter_set_zone_minutes": 88, "payment": "3.00", "group_bonus": "0.00", "no_pay_percent": 0, "timestamp": "2022-05-10T15:29:19.219Z", "updated": "2022-05-10T15:29:21.580Z"}}, {"model": "main.parametersetperiodpayment", "pk": 7770, "fields": {"parameter_set_period": 1168, "parameter_set_zone_minutes": 85, "payment": "3.00", "group_bonus": "0.00", "no_pay_percent": 0, "timestamp": "2022-05-10T15:29:19.232Z", "updated": "2022-05-10T15:29:21.590Z"}}, {"model": "main.parametersetperiodpayment", "pk": 7771, "fields": {"parameter_set_period": 1168, "parameter_set_zone_minutes": 86, "payment": "3.00", "group_bonus": "0.00", "no_pay_percent": 0, "timestamp": "2022-05-10T15:29:19.238Z", "updated": "2022-05-10T15:29:21.594Z"}}, {"model": "main.parametersetperiodpayment", "pk": 7772, "fields": {"parameter_set_period": 1168, "parameter_set_zone_minutes": 87, "payment": "3.00", "group_bonus": "0.00", "no_pay_percent": 0, "timestamp": "2022-05-10T15:29:19.244Z", "updated": "2022-05-10T15:29:21.598Z"}}, {"model": "main.parametersetperiodpayment", "pk": 7773, "fields": {"parameter_set_period": 1168, "parameter_set_zone_minutes": 88, "payment": "3.00", "group_bonus": "0.00", "no_pay_percent": 0, "timestamp": "2022-05-10T15:29:19.250Z", "updated": "2022-05-10T15:29:21.603Z"}}, {"model": "main.parametersetperiodpayment", "pk": 7774, "fields": {"parameter_set_period": 1169, "parameter_set_zone_minutes": 85, "payment": "3.00", "group_bonus": "0.00", "no_pay_percent": 0, "timestamp": "2022-05-10T15:29:19.263Z", "updated": "2022-05-10T15:29:21.613Z"}}, {"model": "main.parametersetperiodpayment", "pk": 7775, "fields": {"parameter_set_period": 1169, "parameter_set_zone_minutes": 86, "payment": "3.00", "group_bonus": "0.00", "no_pay_percent": 0, "timestamp": "2022-05-10T15:29:19.269Z", "updated": "2022-05-10T15:29:21.617Z"}}, {"model": "main.parametersetperiodpayment", "pk": 7776, "fields": {"parameter_set_period": 1169, "parameter_set_zone_minutes": 87, "payment": "3.00", "group_bonus": "0.00", "no_pay_percent": 0, "timestamp": "2022-05-10T15:29:19.275Z", "updated": "2022-05-10T15:29:21.622Z"}}, {"model": "main.parametersetperiodpayment", "pk": 7777, "fields": {"parameter_set_period": 1169, "parameter_set_zone_minutes": 88, "payment": "3.00", "group_bonus": "0.00", "no_pay_percent": 0, "timestamp": "2022-05-10T15:29:19.281Z", "updated": "2022-05-10T15:29:21.627Z"}}, {"model": "main.parametersetperiodpayment", "pk": 7778, "fields": {"parameter_set_period": 1170, "parameter_set_zone_minutes": 85, "payment": "3.00", "group_bonus": "0.00", "no_pay_percent": 0, "timestamp": "2022-05-10T15:29:19.296Z", "updated": "2022-05-10T15:29:21.648Z"}}, {"model": "main.parametersetperiodpayment", "pk": 7779, "fields": {"parameter_set_period": 1170, "parameter_set_zone_minutes": 86, "payment": "3.00", "group_bonus": "0.00", "no_pay_percent": 0, "timestamp": "2022-05-10T15:29:19.302Z", "updated": "2022-05-10T15:29:21.653Z"}}, {"model": "main.parametersetperiodpayment", "pk": 7780, "fields": {"parameter_set_period": 1170, "parameter_set_zone_minutes": 87, "payment": "3.00", "group_bonus": "0.00", "no_pay_percent": 0, "timestamp": "2022-05-10T15:29:19.308Z", "updated": "2022-05-10T15:29:21.658Z"}}, {"model": "main.parametersetperiodpayment", "pk": 7781, "fields": {"parameter_set_period": 1170, "parameter_set_zone_minutes": 88, "payment": "3.00", "group_bonus": "0.00", "no_pay_percent": 0, "timestamp": "2022-05-10T15:29:19.313Z", "updated": "2022-05-10T15:29:21.662Z"}}, {"model": "main.parametersetperiodpayment", "pk": 7782, "fields": {"parameter_set_period": 1171, "parameter_set_zone_minutes": 85, "payment": "3.00", "group_bonus": "0.00", "no_pay_percent": 0, "timestamp": "2022-05-10T15:29:19.331Z", "updated": "2022-05-10T15:29:21.673Z"}}, {"model": "main.parametersetperiodpayment", "pk": 7783, "fields": {"parameter_set_period": 1171, "parameter_set_zone_minutes": 86, "payment": "3.00", "group_bonus": "0.00", "no_pay_percent": 0, "timestamp": "2022-05-10T15:29:19.338Z", "updated": "2022-05-10T15:29:21.677Z"}}, {"model": "main.parametersetperiodpayment", "pk": 7784, "fields": {"parameter_set_period": 1171, "parameter_set_zone_minutes": 87, "payment": "3.00", "group_bonus": "0.00", "no_pay_percent": 0, "timestamp": "2022-05-10T15:29:19.344Z", "updated": "2022-05-10T15:29:21.681Z"}}, {"model": "main.parametersetperiodpayment", "pk": 7785, "fields": {"parameter_set_period": 1171, "parameter_set_zone_minutes": 88, "payment": "3.00", "group_bonus": "0.00", "no_pay_percent": 0, "timestamp": "2022-05-10T15:29:19.350Z", "updated": "2022-05-10T15:29:21.685Z"}}, {"model": "main.parametersetperiodpayment", "pk": 7786, "fields": {"parameter_set_period": 1172, "parameter_set_zone_minutes": 85, "payment": "3.00", "group_bonus": "0.00", "no_pay_percent": 0, "timestamp": "2022-05-10T15:29:19.366Z", "updated": "2022-05-10T15:29:21.696Z"}}, {"model": "main.parametersetperiodpayment", "pk": 7787, "fields": {"parameter_set_period": 1172, "parameter_set_zone_minutes": 86, "payment": "3.00", "group_bonus": "0.00", "no_pay_percent": 0, "timestamp": "2022-05-10T15:29:19.372Z", "updated": "2022-05-10T15:29:21.700Z"}}, {"model": "main.parametersetperiodpayment", "pk": 7788, "fields": {"parameter_set_period": 1172, "parameter_set_zone_minutes": 87, "payment": "3.00", "group_bonus": "0.00", "no_pay_percent": 0, "timestamp": "2022-05-10T15:29:19.378Z", "updated": "2022-05-10T15:29:21.705Z"}}, {"model": "main.parametersetperiodpayment", "pk": 7789, "fields": {"parameter_set_period": 1172, "parameter_set_zone_minutes": 88, "payment": "3.00", "group_bonus": "0.00", "no_pay_percent": 0, "timestamp": "2022-05-10T15:29:19.384Z", "updated": "2022-05-10T15:29:21.709Z"}}, {"model": "main.parametersetperiodpayment", "pk": 7790, "fields": {"parameter_set_period": 1173, "parameter_set_zone_minutes": 85, "payment": "3.00", "group_bonus": "0.00", "no_pay_percent": 0, "timestamp": "2022-05-10T15:29:19.397Z", "updated": "2022-05-10T15:29:21.719Z"}}, {"model": "main.parametersetperiodpayment", "pk": 7791, "fields": {"parameter_set_period": 1173, "parameter_set_zone_minutes": 86, "payment": "3.00", "group_bonus": "0.00", "no_pay_percent": 0, "timestamp": "2022-05-10T15:29:19.403Z", "updated": "2022-05-10T15:29:21.723Z"}}, {"model": "main.parametersetperiodpayment", "pk": 7792, "fields": {"parameter_set_period": 1173, "parameter_set_zone_minutes": 87, "payment": "3.00", "group_bonus": "0.00", "no_pay_percent": 0, "timestamp": "2022-05-10T15:29:19.409Z", "updated": "2022-05-10T15:29:21.728Z"}}, {"model": "main.parametersetperiodpayment", "pk": 7793, "fields": {"parameter_set_period": 1173, "parameter_set_zone_minutes": 88, "payment": "3.00", "group_bonus": "0.00", "no_pay_percent": 0, "timestamp": "2022-05-10T15:29:19.416Z", "updated": "2022-05-10T15:29:21.732Z"}}, {"model": "main.parametersetperiodpayment", "pk": 7794, "fields": {"parameter_set_period": 1174, "parameter_set_zone_minutes": 85, "payment": "3.00", "group_bonus": "0.00", "no_pay_percent": 0, "timestamp": "2022-05-10T15:29:19.429Z", "updated": "2022-05-10T15:29:21.743Z"}}, {"model": "main.parametersetperiodpayment", "pk": 7795, "fields": {"parameter_set_period": 1174, "parameter_set_zone_minutes": 86, "payment": "3.00", "group_bonus": "0.00", "no_pay_percent": 0, "timestamp": "2022-05-10T15:29:19.436Z", "updated": "2022-05-10T15:29:21.747Z"}}, {"model": "main.parametersetperiodpayment", "pk": 7796, "fields": {"parameter_set_period": 1174, "parameter_set_zone_minutes": 87, "payment": "3.00", "group_bonus": "0.00", "no_pay_percent": 0, "timestamp": "2022-05-10T15:29:19.442Z", "updated": "2022-05-10T15:29:21.752Z"}}, {"model": "main.parametersetperiodpayment", "pk": 7797, "fields": {"parameter_set_period": 1174, "parameter_set_zone_minutes": 88, "payment": "3.00", "group_bonus": "0.00", "no_pay_percent": 0, "timestamp": "2022-05-10T15:29:19.448Z", "updated": "2022-05-10T15:29:21.755Z"}}, {"model": "main.parametersetperiodpayment", "pk": 7798, "fields": {"parameter_set_period": 1175, "parameter_set_zone_minutes": 85, "payment": "3.00", "group_bonus": "0.00", "no_pay_percent": 0, "timestamp": "2022-05-10T15:29:19.463Z", "updated": "2022-05-10T15:29:21.765Z"}}, {"model": "main.parametersetperiodpayment", "pk": 7799, "fields": {"parameter_set_period": 1175, "parameter_set_zone_minutes": 86, "payment": "3.00", "group_bonus": "0.00", "no_pay_percent": 0, "timestamp": "2022-05-10T15:29:19.469Z", "updated": "2022-05-10T15:29:21.769Z"}}, {"model": "main.parametersetperiodpayment", "pk": 7800, "fields": {"parameter_set_period": 1175, "parameter_set_zone_minutes": 87, "payment": "3.00", "group_bonus": "0.00", "no_pay_percent": 0, "timestamp": "2022-05-10T15:29:19.475Z", "updated": "2022-05-10T15:29:21.773Z"}}, {"model": "main.parametersetperiodpayment", "pk": 7801, "fields": {"parameter_set_period": 1175, "parameter_set_zone_minutes": 88, "payment": "3.00", "group_bonus": "0.00", "no_pay_percent": 0, "timestamp": "2022-05-10T15:29:19.481Z", "updated": "2022-05-10T15:29:21.778Z"}}, {"model": "main.parametersetperiodpayment", "pk": 7802, "fields": {"parameter_set_period": 1176, "parameter_set_zone_minutes": 85, "payment": "3.00", "group_bonus": "0.00", "no_pay_percent": 0, "timestamp": "2022-05-10T15:29:19.495Z", "updated": "2022-05-10T15:29:21.789Z"}}, {"model": "main.parametersetperiodpayment", "pk": 7803, "fields": {"parameter_set_period": 1176, "parameter_set_zone_minutes": 86, "payment": "3.00", "group_bonus": "0.00", "no_pay_percent": 0, "timestamp": "2022-05-10T15:29:19.501Z", "updated": "2022-05-10T15:29:21.793Z"}}, {"model": "main.parametersetperiodpayment", "pk": 7804, "fields": {"parameter_set_period": 1176, "parameter_set_zone_minutes": 87, "payment": "3.00", "group_bonus": "0.00", "no_pay_percent": 0, "timestamp": "2022-05-10T15:29:19.507Z", "updated": "2022-05-10T15:29:21.797Z"}}, {"model": "main.parametersetperiodpayment", "pk": 7805, "fields": {"parameter_set_period": 1176, "parameter_set_zone_minutes": 88, "payment": "3.00", "group_bonus": "0.00", "no_pay_percent": 0, "timestamp": "2022-05-10T15:29:19.512Z", "updated": "2022-05-10T15:29:21.802Z"}}, {"model": "main.parametersetperiodpayment", "pk": 7806, "fields": {"parameter_set_period": 1177, "parameter_set_zone_minutes": 85, "payment": "3.00", "group_bonus": "0.00", "no_pay_percent": 0, "timestamp": "2022-05-10T15:29:19.526Z", "updated": "2022-05-10T15:29:21.812Z"}}, {"model": "main.parametersetperiodpayment", "pk": 7807, "fields": {"parameter_set_period": 1177, "parameter_set_zone_minutes": 86, "payment": "3.00", "group_bonus": "0.00", "no_pay_percent": 0, "timestamp": "2022-05-10T15:29:19.532Z", "updated": "2022-05-10T15:29:21.816Z"}}, {"model": "main.parametersetperiodpayment", "pk": 7808, "fields": {"parameter_set_period": 1177, "parameter_set_zone_minutes": 87, "payment": "3.00", "group_bonus": "0.00", "no_pay_percent": 0, "timestamp": "2022-05-10T15:29:19.538Z", "updated": "2022-05-10T15:29:21.820Z"}}, {"model": "main.parametersetperiodpayment", "pk": 7809, "fields": {"parameter_set_period": 1177, "parameter_set_zone_minutes": 88, "payment": "3.00", "group_bonus": "0.00", "no_pay_percent": 0, "timestamp": "2022-05-10T15:29:19.544Z", "updated": "2022-05-10T15:29:21.824Z"}}, {"model": "main.parametersetperiodpayment", "pk": 7810, "fields": {"parameter_set_period": 1178, "parameter_set_zone_minutes": 85, "payment": "3.00", "group_bonus": "0.00", "no_pay_percent": 0, "timestamp": "2022-05-10T15:29:19.558Z", "updated": "2022-05-10T15:29:21.833Z"}}, {"model": "main.parametersetperiodpayment", "pk": 7811, "fields": {"parameter_set_period": 1178, "parameter_set_zone_minutes": 86, "payment": "3.00", "group_bonus": "0.00", "no_pay_percent": 0, "timestamp": "2022-05-10T15:29:19.563Z", "updated": "2022-05-10T15:29:21.839Z"}}, {"model": "main.parametersetperiodpayment", "pk": 7812, "fields": {"parameter_set_period": 1178, "parameter_set_zone_minutes": 87, "payment": "3.00", "group_bonus": "0.00", "no_pay_percent": 0, "timestamp": "2022-05-10T15:29:19.570Z", "updated": "2022-05-10T15:29:21.844Z"}}, {"model": "main.parametersetperiodpayment", "pk": 7813, "fields": {"parameter_set_period": 1178, "parameter_set_zone_minutes": 88, "payment": "3.00", "group_bonus": "0.00", "no_pay_percent": 0, "timestamp": "2022-05-10T15:29:19.576Z", "updated": "2022-05-10T15:29:21.848Z"}}, {"model": "main.parametersetperiodpayment", "pk": 7814, "fields": {"parameter_set_period": 1179, "parameter_set_zone_minutes": 85, "payment": "0.00", "group_bonus": "0.00", "no_pay_percent": 0, "timestamp": "2022-05-10T15:29:19.590Z", "updated": "2022-05-10T15:29:21.858Z"}}, {"model": "main.parametersetperiodpayment", "pk": 7815, "fields": {"parameter_set_period": 1179, "parameter_set_zone_minutes": 86, "payment": "5.00", "group_bonus": "2.00", "no_pay_percent": 0, "timestamp": "2022-05-10T15:29:19.597Z", "updated": "2022-05-10T15:29:21.862Z"}}, {"model": "main.parametersetperiodpayment", "pk": 7816, "fields": {"parameter_set_period": 1179, "parameter_set_zone_minutes": 87, "payment": "7.00", "group_bonus": "4.00", "no_pay_percent": 0, "timestamp": "2022-05-10T15:29:19.603Z", "updated": "2022-05-10T15:29:21.867Z"}}, {"model": "main.parametersetperiodpayment", "pk": 7817, "fields": {"parameter_set_period": 1179, "parameter_set_zone_minutes": 88, "payment": "9.00", "group_bonus": "6.00", "no_pay_percent": 0, "timestamp": "2022-05-10T15:29:19.610Z", "updated": "2022-05-10T15:29:21.871Z"}}, {"model": "main.parametersetperiodpayment", "pk": 7818, "fields": {"parameter_set_period": 1180, "parameter_set_zone_minutes": 85, "payment": "0.00", "group_bonus": "0.00", "no_pay_percent": 0, "timestamp": "2022-05-10T15:29:19.624Z", "updated": "2022-05-10T15:29:21.882Z"}}, {"model": "main.parametersetperiodpayment", "pk": 7819, "fields": {"parameter_set_period": 1180, "parameter_set_zone_minutes": 86, "payment": "5.00", "group_bonus": "2.00", "no_pay_percent": 0, "timestamp": "2022-05-10T15:29:19.630Z", "updated": "2022-05-10T15:29:21.886Z"}}, {"model": "main.parametersetperiodpayment", "pk": 7820, "fields": {"parameter_set_period": 1180, "parameter_set_zone_minutes": 87, "payment": "7.00", "group_bonus": "4.00", "no_pay_percent": 0, "timestamp": "2022-05-10T15:29:19.637Z", "updated": "2022-05-10T15:29:21.890Z"}}, {"model": "main.parametersetperiodpayment", "pk": 7821, "fields": {"parameter_set_period": 1180, "parameter_set_zone_minutes": 88, "payment": "9.00", "group_bonus": "6.00", "no_pay_percent": 0, "timestamp": "2022-05-10T15:29:19.643Z", "updated": "2022-05-10T15:29:21.894Z"}}, {"model": "main.parametersetperiodpayment", "pk": 7822, "fields": {"parameter_set_period": 1181, "parameter_set_zone_minutes": 85, "payment": "0.00", "group_bonus": "0.00", "no_pay_percent": 0, "timestamp": "2022-05-10T15:29:19.658Z", "updated": "2022-05-10T15:29:21.904Z"}}, {"model": "main.parametersetperiodpayment", "pk": 7823, "fields": {"parameter_set_period": 1181, "parameter_set_zone_minutes": 86, "payment": "5.00", "group_bonus": "2.00", "no_pay_percent": 0, "timestamp": "2022-05-10T15:29:19.664Z", "updated": "2022-05-10T15:29:21.908Z"}}, {"model": "main.parametersetperiodpayment", "pk": 7824, "fields": {"parameter_set_period": 1181, "parameter_set_zone_minutes": 87, "payment": "7.00", "group_bonus": "4.00", "no_pay_percent": 0, "timestamp": "2022-05-10T15:29:19.670Z", "updated": "2022-05-10T15:29:21.912Z"}}, {"model": "main.parametersetperiodpayment", "pk": 7825, "fields": {"parameter_set_period": 1181, "parameter_set_zone_minutes": 88, "payment": "9.00", "group_bonus": "6.00", "no_pay_percent": 0, "timestamp": "2022-05-10T15:29:19.676Z", "updated": "2022-05-10T15:29:21.922Z"}}, {"model": "main.parametersetperiodpayment", "pk": 7826, "fields": {"parameter_set_period": 1182, "parameter_set_zone_minutes": 85, "payment": "0.00", "group_bonus": "0.00", "no_pay_percent": 0, "timestamp": "2022-05-10T15:29:19.690Z", "updated": "2022-05-10T15:29:21.932Z"}}, {"model": "main.parametersetperiodpayment", "pk": 7827, "fields": {"parameter_set_period": 1182, "parameter_set_zone_minutes": 86, "payment": "5.00", "group_bonus": "2.00", "no_pay_percent": 0, "timestamp": "2022-05-10T15:29:19.696Z", "updated": "2022-05-10T15:29:21.937Z"}}, {"model": "main.parametersetperiodpayment", "pk": 7828, "fields": {"parameter_set_period": 1182, "parameter_set_zone_minutes": 87, "payment": "7.00", "group_bonus": "4.00", "no_pay_percent": 0, "timestamp": "2022-05-10T15:29:19.702Z", "updated": "2022-05-10T15:29:21.942Z"}}, {"model": "main.parametersetperiodpayment", "pk": 7829, "fields": {"parameter_set_period": 1182, "parameter_set_zone_minutes": 88, "payment": "9.00", "group_bonus": "6.00", "no_pay_percent": 0, "timestamp": "2022-05-10T15:29:19.708Z", "updated": "2022-05-10T15:29:21.946Z"}}, {"model": "main.parametersetperiodpayment", "pk": 7830, "fields": {"parameter_set_period": 1183, "parameter_set_zone_minutes": 85, "payment": "0.00", "group_bonus": "0.00", "no_pay_percent": 0, "timestamp": "2022-05-10T15:29:19.722Z", "updated": "2022-05-10T15:29:21.957Z"}}, {"model": "main.parametersetperiodpayment", "pk": 7831, "fields": {"parameter_set_period": 1183, "parameter_set_zone_minutes": 86, "payment": "5.00", "group_bonus": "2.00", "no_pay_percent": 0, "timestamp": "2022-05-10T15:29:19.728Z", "updated": "2022-05-10T15:29:21.961Z"}}, {"model": "main.parametersetperiodpayment", "pk": 7832, "fields": {"parameter_set_period": 1183, "parameter_set_zone_minutes": 87, "payment": "7.00", "group_bonus": "4.00", "no_pay_percent": 0, "timestamp": "2022-05-10T15:29:19.733Z", "updated": "2022-05-10T15:29:21.968Z"}}, {"model": "main.parametersetperiodpayment", "pk": 7833, "fields": {"parameter_set_period": 1183, "parameter_set_zone_minutes": 88, "payment": "9.00", "group_bonus": "6.00", "no_pay_percent": 0, "timestamp": "2022-05-10T15:29:19.739Z", "updated": "2022-05-10T15:29:21.972Z"}}, {"model": "main.parametersetperiodpayment", "pk": 7834, "fields": {"parameter_set_period": 1184, "parameter_set_zone_minutes": 85, "payment": "0.00", "group_bonus": "0.00", "no_pay_percent": 0, "timestamp": "2022-05-10T15:29:19.754Z", "updated": "2022-05-10T15:29:21.983Z"}}, {"model": "main.parametersetperiodpayment", "pk": 7835, "fields": {"parameter_set_period": 1184, "parameter_set_zone_minutes": 86, "payment": "5.00", "group_bonus": "2.00", "no_pay_percent": 0, "timestamp": "2022-05-10T15:29:19.759Z", "updated": "2022-05-10T15:29:21.987Z"}}, {"model": "main.parametersetperiodpayment", "pk": 7836, "fields": {"parameter_set_period": 1184, "parameter_set_zone_minutes": 87, "payment": "7.00", "group_bonus": "4.00", "no_pay_percent": 0, "timestamp": "2022-05-10T15:29:19.766Z", "updated": "2022-05-10T15:29:21.992Z"}}, {"model": "main.parametersetperiodpayment", "pk": 7837, "fields": {"parameter_set_period": 1184, "parameter_set_zone_minutes": 88, "payment": "9.00", "group_bonus": "6.00", "no_pay_percent": 0, "timestamp": "2022-05-10T15:29:19.771Z", "updated": "2022-05-10T15:29:21.997Z"}}, {"model": "main.parametersetperiodpayment", "pk": 7838, "fields": {"parameter_set_period": 1185, "parameter_set_zone_minutes": 85, "payment": "0.00", "group_bonus": "0.00", "no_pay_percent": 0, "timestamp": "2022-05-10T15:29:19.785Z", "updated": "2022-05-10T15:29:22.007Z"}}, {"model": "main.parametersetperiodpayment", "pk": 7839, "fields": {"parameter_set_period": 1185, "parameter_set_zone_minutes": 86, "payment": "5.00", "group_bonus": "2.00", "no_pay_percent": 0, "timestamp": "2022-05-10T15:29:19.790Z", "updated": "2022-05-10T15:29:22.011Z"}}, {"model": "main.parametersetperiodpayment", "pk": 7840, "fields": {"parameter_set_period": 1185, "parameter_set_zone_minutes": 87, "payment": "7.00", "group_bonus": "4.00", "no_pay_percent": 0, "timestamp": "2022-05-10T15:29:19.796Z", "updated": "2022-05-10T15:29:22.015Z"}}, {"model": "main.parametersetperiodpayment", "pk": 7841, "fields": {"parameter_set_period": 1185, "parameter_set_zone_minutes": 88, "payment": "9.00", "group_bonus": "6.00", "no_pay_percent": 0, "timestamp": "2022-05-10T15:29:19.801Z", "updated": "2022-05-10T15:29:22.020Z"}}, {"model": "main.parametersetperiodpayment", "pk": 7842, "fields": {"parameter_set_period": 1186, "parameter_set_zone_minutes": 85, "payment": "0.00", "group_bonus": "0.00", "no_pay_percent": 0, "timestamp": "2022-05-10T15:29:19.815Z", "updated": "2022-05-10T15:29:22.030Z"}}, {"model": "main.parametersetperiodpayment", "pk": 7843, "fields": {"parameter_set_period": 1186, "parameter_set_zone_minutes": 86, "payment": "5.00", "group_bonus": "2.00", "no_pay_percent": 0, "timestamp": "2022-05-10T15:29:19.821Z", "updated": "2022-05-10T15:29:22.034Z"}}, {"model": "main.parametersetperiodpayment", "pk": 7844, "fields": {"parameter_set_period": 1186, "parameter_set_zone_minutes": 87, "payment": "7.00", "group_bonus": "4.00", "no_pay_percent": 0, "timestamp": "2022-05-10T15:29:19.827Z", "updated": "2022-05-10T15:29:22.039Z"}}, {"model": "main.parametersetperiodpayment", "pk": 7845, "fields": {"parameter_set_period": 1186, "parameter_set_zone_minutes": 88, "payment": "9.00", "group_bonus": "6.00", "no_pay_percent": 0, "timestamp": "2022-05-10T15:29:19.834Z", "updated": "2022-05-10T15:29:22.043Z"}}, {"model": "main.parametersetperiodpayment", "pk": 7846, "fields": {"parameter_set_period": 1187, "parameter_set_zone_minutes": 85, "payment": "0.00", "group_bonus": "0.00", "no_pay_percent": 0, "timestamp": "2022-05-10T15:29:19.847Z", "updated": "2022-05-10T15:29:22.053Z"}}, {"model": "main.parametersetperiodpayment", "pk": 7847, "fields": {"parameter_set_period": 1187, "parameter_set_zone_minutes": 86, "payment": "5.00", "group_bonus": "2.00", "no_pay_percent": 0, "timestamp": "2022-05-10T15:29:19.853Z", "updated": "2022-05-10T15:29:22.057Z"}}, {"model": "main.parametersetperiodpayment", "pk": 7848, "fields": {"parameter_set_period": 1187, "parameter_set_zone_minutes": 87, "payment": "7.00", "group_bonus": "4.00", "no_pay_percent": 0, "timestamp": "2022-05-10T15:29:19.859Z", "updated": "2022-05-10T15:29:22.061Z"}}, {"model": "main.parametersetperiodpayment", "pk": 7849, "fields": {"parameter_set_period": 1187, "parameter_set_zone_minutes": 88, "payment": "9.00", "group_bonus": "6.00", "no_pay_percent": 0, "timestamp": "2022-05-10T15:29:19.865Z", "updated": "2022-05-10T15:29:22.066Z"}}, {"model": "main.parametersetperiodpayment", "pk": 7850, "fields": {"parameter_set_period": 1188, "parameter_set_zone_minutes": 85, "payment": "0.00", "group_bonus": "0.00", "no_pay_percent": 0, "timestamp": "2022-05-10T15:29:19.879Z", "updated": "2022-05-10T15:29:22.076Z"}}, {"model": "main.parametersetperiodpayment", "pk": 7851, "fields": {"parameter_set_period": 1188, "parameter_set_zone_minutes": 86, "payment": "5.00", "group_bonus": "2.00", "no_pay_percent": 0, "timestamp": "2022-05-10T15:29:19.885Z", "updated": "2022-05-10T15:29:22.082Z"}}, {"model": "main.parametersetperiodpayment", "pk": 7852, "fields": {"parameter_set_period": 1188, "parameter_set_zone_minutes": 87, "payment": "7.00", "group_bonus": "4.00", "no_pay_percent": 0, "timestamp": "2022-05-10T15:29:19.892Z", "updated": "2022-05-10T15:29:22.086Z"}}, {"model": "main.parametersetperiodpayment", "pk": 7853, "fields": {"parameter_set_period": 1188, "parameter_set_zone_minutes": 88, "payment": "9.00", "group_bonus": "6.00", "no_pay_percent": 0, "timestamp": "2022-05-10T15:29:19.897Z", "updated": "2022-05-10T15:29:22.090Z"}}, {"model": "main.parametersetperiodpayment", "pk": 7854, "fields": {"parameter_set_period": 1189, "parameter_set_zone_minutes": 85, "payment": "0.00", "group_bonus": "0.00", "no_pay_percent": 0, "timestamp": "2022-05-10T15:29:19.911Z", "updated": "2022-05-10T15:29:22.100Z"}}, {"model": "main.parametersetperiodpayment", "pk": 7855, "fields": {"parameter_set_period": 1189, "parameter_set_zone_minutes": 86, "payment": "5.00", "group_bonus": "2.00", "no_pay_percent": 0, "timestamp": "2022-05-10T15:29:19.917Z", "updated": "2022-05-10T15:29:22.104Z"}}, {"model": "main.parametersetperiodpayment", "pk": 7856, "fields": {"parameter_set_period": 1189, "parameter_set_zone_minutes": 87, "payment": "7.00", "group_bonus": "4.00", "no_pay_percent": 0, "timestamp": "2022-05-10T15:29:19.923Z", "updated": "2022-05-10T15:29:22.109Z"}}, {"model": "main.parametersetperiodpayment", "pk": 7857, "fields": {"parameter_set_period": 1189, "parameter_set_zone_minutes": 88, "payment": "9.00", "group_bonus": "6.00", "no_pay_percent": 0, "timestamp": "2022-05-10T15:29:19.929Z", "updated": "2022-05-10T15:29:22.113Z"}}, {"model": "main.parametersetperiodpayment", "pk": 7858, "fields": {"parameter_set_period": 1190, "parameter_set_zone_minutes": 85, "payment": "0.00", "group_bonus": "0.00", "no_pay_percent": 0, "timestamp": "2022-05-10T15:29:19.942Z", "updated": "2022-05-10T15:29:22.124Z"}}, {"model": "main.parametersetperiodpayment", "pk": 7859, "fields": {"parameter_set_period": 1190, "parameter_set_zone_minutes": 86, "payment": "5.00", "group_bonus": "2.00", "no_pay_percent": 0, "timestamp": "2022-05-10T15:29:19.949Z", "updated": "2022-05-10T15:29:22.128Z"}}, {"model": "main.parametersetperiodpayment", "pk": 7860, "fields": {"parameter_set_period": 1190, "parameter_set_zone_minutes": 87, "payment": "7.00", "group_bonus": "4.00", "no_pay_percent": 0, "timestamp": "2022-05-10T15:29:19.955Z", "updated": "2022-05-10T15:29:22.132Z"}}, {"model": "main.parametersetperiodpayment", "pk": 7861, "fields": {"parameter_set_period": 1190, "parameter_set_zone_minutes": 88, "payment": "9.00", "group_bonus": "6.00", "no_pay_percent": 0, "timestamp": "2022-05-10T15:29:19.961Z", "updated": "2022-05-10T15:29:22.137Z"}}, {"model": "main.parametersetperiodpayment", "pk": 7862, "fields": {"parameter_set_period": 1191, "parameter_set_zone_minutes": 85, "payment": "0.00", "group_bonus": "0.00", "no_pay_percent": 0, "timestamp": "2022-05-10T15:29:19.975Z", "updated": "2022-05-10T15:29:22.148Z"}}, {"model": "main.parametersetperiodpayment", "pk": 7863, "fields": {"parameter_set_period": 1191, "parameter_set_zone_minutes": 86, "payment": "5.00", "group_bonus": "2.00", "no_pay_percent": 0, "timestamp": "2022-05-10T15:29:19.981Z", "updated": "2022-05-10T15:29:22.154Z"}}, {"model": "main.parametersetperiodpayment", "pk": 7864, "fields": {"parameter_set_period": 1191, "parameter_set_zone_minutes": 87, "payment": "7.00", "group_bonus": "4.00", "no_pay_percent": 0, "timestamp": "2022-05-10T15:29:19.987Z", "updated": "2022-05-10T15:29:22.159Z"}}, {"model": "main.parametersetperiodpayment", "pk": 7865, "fields": {"parameter_set_period": 1191, "parameter_set_zone_minutes": 88, "payment": "9.00", "group_bonus": "6.00", "no_pay_percent": 0, "timestamp": "2022-05-10T15:29:19.993Z", "updated": "2022-05-10T15:29:22.163Z"}}, {"model": "main.parametersetperiodpayment", "pk": 7866, "fields": {"parameter_set_period": 1192, "parameter_set_zone_minutes": 85, "payment": "0.00", "group_bonus": "0.00", "no_pay_percent": 0, "timestamp": "2022-05-10T15:29:20.008Z", "updated": "2022-05-10T15:29:22.174Z"}}, {"model": "main.parametersetperiodpayment", "pk": 7867, "fields": {"parameter_set_period": 1192, "parameter_set_zone_minutes": 86, "payment": "5.00", "group_bonus": "2.00", "no_pay_percent": 0, "timestamp": "2022-05-10T15:29:20.014Z", "updated": "2022-05-10T15:29:22.178Z"}}, {"model": "main.parametersetperiodpayment", "pk": 7868, "fields": {"parameter_set_period": 1192, "parameter_set_zone_minutes": 87, "payment": "7.00", "group_bonus": "4.00", "no_pay_percent": 0, "timestamp": "2022-05-10T15:29:20.020Z", "updated": "2022-05-10T15:29:22.182Z"}}, {"model": "main.parametersetperiodpayment", "pk": 7869, "fields": {"parameter_set_period": 1192, "parameter_set_zone_minutes": 88, "payment": "9.00", "group_bonus": "6.00", "no_pay_percent": 0, "timestamp": "2022-05-10T15:29:20.026Z", "updated": "2022-05-10T15:29:22.187Z"}}, {"model": "main.parametersetperiodpayment", "pk": 7870, "fields": {"parameter_set_period": 1193, "parameter_set_zone_minutes": 85, "payment": "0.00", "group_bonus": "0.00", "no_pay_percent": 0, "timestamp": "2022-05-10T15:29:20.040Z", "updated": "2022-05-10T15:29:22.198Z"}}, {"model": "main.parametersetperiodpayment", "pk": 7871, "fields": {"parameter_set_period": 1193, "parameter_set_zone_minutes": 86, "payment": "5.00", "group_bonus": "2.00", "no_pay_percent": 0, "timestamp": "2022-05-10T15:29:20.047Z", "updated": "2022-05-10T15:29:22.202Z"}}, {"model": "main.parametersetperiodpayment", "pk": 7872, "fields": {"parameter_set_period": 1193, "parameter_set_zone_minutes": 87, "payment": "7.00", "group_bonus": "4.00", "no_pay_percent": 0, "timestamp": "2022-05-10T15:29:20.053Z", "updated": "2022-05-10T15:29:22.206Z"}}, {"model": "main.parametersetperiodpayment", "pk": 7873, "fields": {"parameter_set_period": 1193, "parameter_set_zone_minutes": 88, "payment": "9.00", "group_bonus": "6.00", "no_pay_percent": 0, "timestamp": "2022-05-10T15:29:20.058Z", "updated": "2022-05-10T15:29:22.211Z"}}, {"model": "main.parametersetperiodpayment", "pk": 7874, "fields": {"parameter_set_period": 1194, "parameter_set_zone_minutes": 85, "payment": "0.00", "group_bonus": "0.00", "no_pay_percent": 0, "timestamp": "2022-05-10T15:29:20.073Z", "updated": "2022-05-10T15:29:22.221Z"}}, {"model": "main.parametersetperiodpayment", "pk": 7875, "fields": {"parameter_set_period": 1194, "parameter_set_zone_minutes": 86, "payment": "5.00", "group_bonus": "2.00", "no_pay_percent": 0, "timestamp": "2022-05-10T15:29:20.079Z", "updated": "2022-05-10T15:29:22.225Z"}}, {"model": "main.parametersetperiodpayment", "pk": 7876, "fields": {"parameter_set_period": 1194, "parameter_set_zone_minutes": 87, "payment": "7.00", "group_bonus": "4.00", "no_pay_percent": 0, "timestamp": "2022-05-10T15:29:20.085Z", "updated": "2022-05-10T15:29:22.229Z"}}, {"model": "main.parametersetperiodpayment", "pk": 7877, "fields": {"parameter_set_period": 1194, "parameter_set_zone_minutes": 88, "payment": "9.00", "group_bonus": "6.00", "no_pay_percent": 0, "timestamp": "2022-05-10T15:29:20.091Z", "updated": "2022-05-10T15:29:22.233Z"}}, {"model": "main.parametersetperiodpayment", "pk": 7878, "fields": {"parameter_set_period": 1195, "parameter_set_zone_minutes": 85, "payment": "0.00", "group_bonus": "0.00", "no_pay_percent": 0, "timestamp": "2022-05-10T15:29:20.107Z", "updated": "2022-05-10T15:29:22.245Z"}}, {"model": "main.parametersetperiodpayment", "pk": 7879, "fields": {"parameter_set_period": 1195, "parameter_set_zone_minutes": 86, "payment": "5.00", "group_bonus": "2.00", "no_pay_percent": 0, "timestamp": "2022-05-10T15:29:20.113Z", "updated": "2022-05-10T15:29:22.249Z"}}, {"model": "main.parametersetperiodpayment", "pk": 7880, "fields": {"parameter_set_period": 1195, "parameter_set_zone_minutes": 87, "payment": "7.00", "group_bonus": "4.00", "no_pay_percent": 0, "timestamp": "2022-05-10T15:29:20.120Z", "updated": "2022-05-10T15:29:22.253Z"}}, {"model": "main.parametersetperiodpayment", "pk": 7881, "fields": {"parameter_set_period": 1195, "parameter_set_zone_minutes": 88, "payment": "9.00", "group_bonus": "6.00", "no_pay_percent": 0, "timestamp": "2022-05-10T15:29:20.126Z", "updated": "2022-05-10T15:29:22.258Z"}}, {"model": "main.parametersetperiodpayment", "pk": 7882, "fields": {"parameter_set_period": 1196, "parameter_set_zone_minutes": 85, "payment": "0.00", "group_bonus": "0.00", "no_pay_percent": 0, "timestamp": "2022-05-10T15:29:20.141Z", "updated": "2022-05-10T15:29:22.269Z"}}, {"model": "main.parametersetperiodpayment", "pk": 7883, "fields": {"parameter_set_period": 1196, "parameter_set_zone_minutes": 86, "payment": "5.00", "group_bonus": "2.00", "no_pay_percent": 0, "timestamp": "2022-05-10T15:29:20.147Z", "updated": "2022-05-10T15:29:22.273Z"}}, {"model": "main.parametersetperiodpayment", "pk": 7884, "fields": {"parameter_set_period": 1196, "parameter_set_zone_minutes": 87, "payment": "7.00", "group_bonus": "4.00", "no_pay_percent": 0, "timestamp": "2022-05-10T15:29:20.182Z", "updated": "2022-05-10T15:29:22.277Z"}}, {"model": "main.parametersetperiodpayment", "pk": 7885, "fields": {"parameter_set_period": 1196, "parameter_set_zone_minutes": 88, "payment": "9.00", "group_bonus": "6.00", "no_pay_percent": 0, "timestamp": "2022-05-10T15:29:20.188Z", "updated": "2022-05-10T15:29:22.282Z"}}, {"model": "main.parametersetperiodpayment", "pk": 7886, "fields": {"parameter_set_period": 1197, "parameter_set_zone_minutes": 85, "payment": "0.00", "group_bonus": "0.00", "no_pay_percent": 0, "timestamp": "2022-05-10T15:29:20.203Z", "updated": "2022-05-10T15:29:22.292Z"}}, {"model": "main.parametersetperiodpayment", "pk": 7887, "fields": {"parameter_set_period": 1197, "parameter_set_zone_minutes": 86, "payment": "5.00", "group_bonus": "2.00", "no_pay_percent": 0, "timestamp": "2022-05-10T15:29:20.209Z", "updated": "2022-05-10T15:29:22.296Z"}}, {"model": "main.parametersetperiodpayment", "pk": 7888, "fields": {"parameter_set_period": 1197, "parameter_set_zone_minutes": 87, "payment": "7.00", "group_bonus": "4.00", "no_pay_percent": 0, "timestamp": "2022-05-10T15:29:20.216Z", "updated": "2022-05-10T15:29:22.300Z"}}, {"model": "main.parametersetperiodpayment", "pk": 7889, "fields": {"parameter_set_period": 1197, "parameter_set_zone_minutes": 88, "payment": "9.00", "group_bonus": "6.00", "no_pay_percent": 0, "timestamp": "2022-05-10T15:29:20.223Z", "updated": "2022-05-10T15:29:22.305Z"}}, {"model": "main.parametersetperiodpayment", "pk": 7890, "fields": {"parameter_set_period": 1198, "parameter_set_zone_minutes": 85, "payment": "0.00", "group_bonus": "0.00", "no_pay_percent": 0, "timestamp": "2022-05-10T15:29:20.240Z", "updated": "2022-05-10T15:29:22.315Z"}}, {"model": "main.parametersetperiodpayment", "pk": 7891, "fields": {"parameter_set_period": 1198, "parameter_set_zone_minutes": 86, "payment": "5.00", "group_bonus": "2.00", "no_pay_percent": 0, "timestamp": "2022-05-10T15:29:20.246Z", "updated": "2022-05-10T15:29:22.319Z"}}, {"model": "main.parametersetperiodpayment", "pk": 7892, "fields": {"parameter_set_period": 1198, "parameter_set_zone_minutes": 87, "payment": "7.00", "group_bonus": "4.00", "no_pay_percent": 0, "timestamp": "2022-05-10T15:29:20.252Z", "updated": "2022-05-10T15:29:22.323Z"}}, {"model": "main.parametersetperiodpayment", "pk": 7893, "fields": {"parameter_set_period": 1198, "parameter_set_zone_minutes": 88, "payment": "9.00", "group_bonus": "6.00", "no_pay_percent": 0, "timestamp": "2022-05-10T15:29:20.257Z", "updated": "2022-05-10T15:29:22.328Z"}}, {"model": "main.parametersetperiodpayment", "pk": 7894, "fields": {"parameter_set_period": 1199, "parameter_set_zone_minutes": 85, "payment": "0.00", "group_bonus": "0.00", "no_pay_percent": 0, "timestamp": "2022-05-10T15:29:20.271Z", "updated": "2022-05-10T15:29:22.338Z"}}, {"model": "main.parametersetperiodpayment", "pk": 7895, "fields": {"parameter_set_period": 1199, "parameter_set_zone_minutes": 86, "payment": "5.00", "group_bonus": "2.00", "no_pay_percent": 0, "timestamp": "2022-05-10T15:29:20.277Z", "updated": "2022-05-10T15:29:22.342Z"}}, {"model": "main.parametersetperiodpayment", "pk": 7896, "fields": {"parameter_set_period": 1199, "parameter_set_zone_minutes": 87, "payment": "7.00", "group_bonus": "4.00", "no_pay_percent": 0, "timestamp": "2022-05-10T15:29:20.283Z", "updated": "2022-05-10T15:29:22.346Z"}}, {"model": "main.parametersetperiodpayment", "pk": 7897, "fields": {"parameter_set_period": 1199, "parameter_set_zone_minutes": 88, "payment": "9.00", "group_bonus": "6.00", "no_pay_percent": 0, "timestamp": "2022-05-10T15:29:20.289Z", "updated": "2022-05-10T15:29:22.350Z"}}, {"model": "main.parametersetperiodpayment", "pk": 7898, "fields": {"parameter_set_period": 1200, "parameter_set_zone_minutes": 85, "payment": "0.00", "group_bonus": "0.00", "no_pay_percent": 0, "timestamp": "2022-05-10T15:29:20.302Z", "updated": "2022-05-10T15:29:22.362Z"}}, {"model": "main.parametersetperiodpayment", "pk": 7899, "fields": {"parameter_set_period": 1200, "parameter_set_zone_minutes": 86, "payment": "5.00", "group_bonus": "2.00", "no_pay_percent": 0, "timestamp": "2022-05-10T15:29:20.308Z", "updated": "2022-05-10T15:29:22.366Z"}}, {"model": "main.parametersetperiodpayment", "pk": 7900, "fields": {"parameter_set_period": 1200, "parameter_set_zone_minutes": 87, "payment": "7.00", "group_bonus": "4.00", "no_pay_percent": 0, "timestamp": "2022-05-10T15:29:20.313Z", "updated": "2022-05-10T15:29:22.371Z"}}, {"model": "main.parametersetperiodpayment", "pk": 7901, "fields": {"parameter_set_period": 1200, "parameter_set_zone_minutes": 88, "payment": "9.00", "group_bonus": "6.00", "no_pay_percent": 0, "timestamp": "2022-05-10T15:29:20.320Z", "updated": "2022-05-10T15:29:22.375Z"}}, {"model": "main.parametersetperiodpayment", "pk": 7902, "fields": {"parameter_set_period": 1201, "parameter_set_zone_minutes": 85, "payment": "0.00", "group_bonus": "0.00", "no_pay_percent": 0, "timestamp": "2022-05-10T15:29:20.346Z", "updated": "2022-05-10T15:29:22.386Z"}}, {"model": "main.parametersetperiodpayment", "pk": 7903, "fields": {"parameter_set_period": 1201, "parameter_set_zone_minutes": 86, "payment": "5.00", "group_bonus": "2.00", "no_pay_percent": 0, "timestamp": "2022-05-10T15:29:20.352Z", "updated": "2022-05-10T15:29:22.390Z"}}, {"model": "main.parametersetperiodpayment", "pk": 7904, "fields": {"parameter_set_period": 1201, "parameter_set_zone_minutes": 87, "payment": "7.00", "group_bonus": "4.00", "no_pay_percent": 0, "timestamp": "2022-05-10T15:29:20.358Z", "updated": "2022-05-10T15:29:22.394Z"}}, {"model": "main.parametersetperiodpayment", "pk": 7905, "fields": {"parameter_set_period": 1201, "parameter_set_zone_minutes": 88, "payment": "9.00", "group_bonus": "6.00", "no_pay_percent": 0, "timestamp": "2022-05-10T15:29:20.364Z", "updated": "2022-05-10T15:29:22.399Z"}}, {"model": "main.parametersetperiodpayment", "pk": 7906, "fields": {"parameter_set_period": 1202, "parameter_set_zone_minutes": 85, "payment": "0.00", "group_bonus": "0.00", "no_pay_percent": 0, "timestamp": "2022-05-10T15:29:20.379Z", "updated": "2022-05-10T15:29:22.409Z"}}, {"model": "main.parametersetperiodpayment", "pk": 7907, "fields": {"parameter_set_period": 1202, "parameter_set_zone_minutes": 86, "payment": "5.00", "group_bonus": "2.00", "no_pay_percent": 0, "timestamp": "2022-05-10T15:29:20.384Z", "updated": "2022-05-10T15:29:22.413Z"}}, {"model": "main.parametersetperiodpayment", "pk": 7908, "fields": {"parameter_set_period": 1202, "parameter_set_zone_minutes": 87, "payment": "7.00", "group_bonus": "4.00", "no_pay_percent": 0, "timestamp": "2022-05-10T15:29:20.391Z", "updated": "2022-05-10T15:29:22.417Z"}}, {"model": "main.parametersetperiodpayment", "pk": 7909, "fields": {"parameter_set_period": 1202, "parameter_set_zone_minutes": 88, "payment": "9.00", "group_bonus": "6.00", "no_pay_percent": 0, "timestamp": "2022-05-10T15:29:20.397Z", "updated": "2022-05-10T15:29:22.422Z"}}, {"model": "main.parametersetperiodpayment", "pk": 7910, "fields": {"parameter_set_period": 1203, "parameter_set_zone_minutes": 85, "payment": "0.00", "group_bonus": "0.00", "no_pay_percent": 0, "timestamp": "2022-05-10T15:29:20.412Z", "updated": "2022-05-10T15:29:22.433Z"}}, {"model": "main.parametersetperiodpayment", "pk": 7911, "fields": {"parameter_set_period": 1203, "parameter_set_zone_minutes": 86, "payment": "5.00", "group_bonus": "2.00", "no_pay_percent": 0, "timestamp": "2022-05-10T15:29:20.418Z", "updated": "2022-05-10T15:29:22.441Z"}}, {"model": "main.parametersetperiodpayment", "pk": 7912, "fields": {"parameter_set_period": 1203, "parameter_set_zone_minutes": 87, "payment": "7.00", "group_bonus": "4.00", "no_pay_percent": 0, "timestamp": "2022-05-10T15:29:20.424Z", "updated": "2022-05-10T15:29:22.447Z"}}, {"model": "main.parametersetperiodpayment", "pk": 7913, "fields": {"parameter_set_period": 1203, "parameter_set_zone_minutes": 88, "payment": "9.00", "group_bonus": "6.00", "no_pay_percent": 0, "timestamp": "2022-05-10T15:29:20.430Z", "updated": "2022-05-10T15:29:22.451Z"}}, {"model": "main.parametersetperiodpayment", "pk": 7914, "fields": {"parameter_set_period": 1204, "parameter_set_zone_minutes": 85, "payment": "0.00", "group_bonus": "0.00", "no_pay_percent": 0, "timestamp": "2022-05-10T15:29:20.444Z", "updated": "2022-05-10T15:29:22.462Z"}}, {"model": "main.parametersetperiodpayment", "pk": 7915, "fields": {"parameter_set_period": 1204, "parameter_set_zone_minutes": 86, "payment": "5.00", "group_bonus": "2.00", "no_pay_percent": 0, "timestamp": "2022-05-10T15:29:20.451Z", "updated": "2022-05-10T15:29:22.467Z"}}, {"model": "main.parametersetperiodpayment", "pk": 7916, "fields": {"parameter_set_period": 1204, "parameter_set_zone_minutes": 87, "payment": "7.00", "group_bonus": "4.00", "no_pay_percent": 0, "timestamp": "2022-05-10T15:29:20.459Z", "updated": "2022-05-10T15:29:22.472Z"}}, {"model": "main.parametersetperiodpayment", "pk": 7917, "fields": {"parameter_set_period": 1204, "parameter_set_zone_minutes": 88, "payment": "9.00", "group_bonus": "6.00", "no_pay_percent": 0, "timestamp": "2022-05-10T15:29:20.475Z", "updated": "2022-05-10T15:29:22.476Z"}}, {"model": "main.parametersetperiodpayment", "pk": 7918, "fields": {"parameter_set_period": 1205, "parameter_set_zone_minutes": 85, "payment": "0.00", "group_bonus": "0.00", "no_pay_percent": 0, "timestamp": "2022-05-10T15:29:20.490Z", "updated": "2022-05-10T15:29:22.487Z"}}, {"model": "main.parametersetperiodpayment", "pk": 7919, "fields": {"parameter_set_period": 1205, "parameter_set_zone_minutes": 86, "payment": "5.00", "group_bonus": "2.00", "no_pay_percent": 0, "timestamp": "2022-05-10T15:29:20.496Z", "updated": "2022-05-10T15:29:22.496Z"}}, {"model": "main.parametersetperiodpayment", "pk": 7920, "fields": {"parameter_set_period": 1205, "parameter_set_zone_minutes": 87, "payment": "7.00", "group_bonus": "4.00", "no_pay_percent": 0, "timestamp": "2022-05-10T15:29:20.502Z", "updated": "2022-05-10T15:29:22.500Z"}}, {"model": "main.parametersetperiodpayment", "pk": 7921, "fields": {"parameter_set_period": 1205, "parameter_set_zone_minutes": 88, "payment": "9.00", "group_bonus": "6.00", "no_pay_percent": 0, "timestamp": "2022-05-10T15:29:20.508Z", "updated": "2022-05-10T15:29:22.505Z"}}, {"model": "main.parametersetperiodpayment", "pk": 7922, "fields": {"parameter_set_period": 1206, "parameter_set_zone_minutes": 85, "payment": "0.00", "group_bonus": "0.00", "no_pay_percent": 0, "timestamp": "2022-05-10T15:29:20.522Z", "updated": "2022-05-10T15:29:22.515Z"}}, {"model": "main.parametersetperiodpayment", "pk": 7923, "fields": {"parameter_set_period": 1206, "parameter_set_zone_minutes": 86, "payment": "5.00", "group_bonus": "2.00", "no_pay_percent": 0, "timestamp": "2022-05-10T15:29:20.528Z", "updated": "2022-05-10T15:29:22.519Z"}}, {"model": "main.parametersetperiodpayment", "pk": 7924, "fields": {"parameter_set_period": 1206, "parameter_set_zone_minutes": 87, "payment": "7.00", "group_bonus": "4.00", "no_pay_percent": 0, "timestamp": "2022-05-10T15:29:20.535Z", "updated": "2022-05-10T15:29:22.525Z"}}, {"model": "main.parametersetperiodpayment", "pk": 7925, "fields": {"parameter_set_period": 1206, "parameter_set_zone_minutes": 88, "payment": "9.00", "group_bonus": "6.00", "no_pay_percent": 0, "timestamp": "2022-05-10T15:29:20.541Z", "updated": "2022-05-10T15:29:22.542Z"}}, {"model": "main.parametersetperiodpayment", "pk": 7926, "fields": {"parameter_set_period": 1207, "parameter_set_zone_minutes": 85, "payment": "3.00", "group_bonus": "0.00", "no_pay_percent": 0, "timestamp": "2022-05-10T15:29:20.556Z", "updated": "2022-05-10T15:29:22.552Z"}}, {"model": "main.parametersetperiodpayment", "pk": 7927, "fields": {"parameter_set_period": 1207, "parameter_set_zone_minutes": 86, "payment": "3.00", "group_bonus": "0.00", "no_pay_percent": 0, "timestamp": "2022-05-10T15:29:20.561Z", "updated": "2022-05-10T15:29:22.560Z"}}, {"model": "main.parametersetperiodpayment", "pk": 7928, "fields": {"parameter_set_period": 1207, "parameter_set_zone_minutes": 87, "payment": "3.00", "group_bonus": "0.00", "no_pay_percent": 0, "timestamp": "2022-05-10T15:29:20.568Z", "updated": "2022-05-10T15:29:22.563Z"}}, {"model": "main.parametersetperiodpayment", "pk": 7929, "fields": {"parameter_set_period": 1207, "parameter_set_zone_minutes": 88, "payment": "3.00", "group_bonus": "0.00", "no_pay_percent": 0, "timestamp": "2022-05-10T15:29:20.573Z", "updated": "2022-05-10T15:29:22.568Z"}}, {"model": "main.parametersetperiodpayment", "pk": 7930, "fields": {"parameter_set_period": 1208, "parameter_set_zone_minutes": 85, "payment": "3.00", "group_bonus": "0.00", "no_pay_percent": 0, "timestamp": "2022-05-10T15:29:20.587Z", "updated": "2022-05-10T15:29:22.583Z"}}, {"model": "main.parametersetperiodpayment", "pk": 7931, "fields": {"parameter_set_period": 1208, "parameter_set_zone_minutes": 86, "payment": "3.00", "group_bonus": "0.00", "no_pay_percent": 0, "timestamp": "2022-05-10T15:29:20.593Z", "updated": "2022-05-10T15:29:22.588Z"}}, {"model": "main.parametersetperiodpayment", "pk": 7932, "fields": {"parameter_set_period": 1208, "parameter_set_zone_minutes": 87, "payment": "3.00", "group_bonus": "0.00", "no_pay_percent": 0, "timestamp": "2022-05-10T15:29:20.599Z", "updated": "2022-05-10T15:29:22.593Z"}}, {"model": "main.parametersetperiodpayment", "pk": 7933, "fields": {"parameter_set_period": 1208, "parameter_set_zone_minutes": 88, "payment": "3.00", "group_bonus": "0.00", "no_pay_percent": 0, "timestamp": "2022-05-10T15:29:20.606Z", "updated": "2022-05-10T15:29:22.601Z"}}, {"model": "main.parametersetperiodpayment", "pk": 7934, "fields": {"parameter_set_period": 1209, "parameter_set_zone_minutes": 85, "payment": "3.00", "group_bonus": "0.00", "no_pay_percent": 0, "timestamp": "2022-05-10T15:29:20.620Z", "updated": "2022-05-10T15:29:22.612Z"}}, {"model": "main.parametersetperiodpayment", "pk": 7935, "fields": {"parameter_set_period": 1209, "parameter_set_zone_minutes": 86, "payment": "3.00", "group_bonus": "0.00", "no_pay_percent": 0, "timestamp": "2022-05-10T15:29:20.625Z", "updated": "2022-05-10T15:29:22.618Z"}}, {"model": "main.parametersetperiodpayment", "pk": 7936, "fields": {"parameter_set_period": 1209, "parameter_set_zone_minutes": 87, "payment": "3.00", "group_bonus": "0.00", "no_pay_percent": 0, "timestamp": "2022-05-10T15:29:20.631Z", "updated": "2022-05-10T15:29:22.626Z"}}, {"model": "main.parametersetperiodpayment", "pk": 7937, "fields": {"parameter_set_period": 1209, "parameter_set_zone_minutes": 88, "payment": "3.00", "group_bonus": "0.00", "no_pay_percent": 0, "timestamp": "2022-05-10T15:29:20.638Z", "updated": "2022-05-10T15:29:22.629Z"}}, {"model": "main.parametersetperiodpayment", "pk": 7938, "fields": {"parameter_set_period": 1210, "parameter_set_zone_minutes": 85, "payment": "3.00", "group_bonus": "0.00", "no_pay_percent": 0, "timestamp": "2022-05-10T15:29:20.652Z", "updated": "2022-05-10T15:29:22.659Z"}}, {"model": "main.parametersetperiodpayment", "pk": 7939, "fields": {"parameter_set_period": 1210, "parameter_set_zone_minutes": 86, "payment": "3.00", "group_bonus": "0.00", "no_pay_percent": 0, "timestamp": "2022-05-10T15:29:20.658Z", "updated": "2022-05-10T15:29:22.665Z"}}, {"model": "main.parametersetperiodpayment", "pk": 7940, "fields": {"parameter_set_period": 1210, "parameter_set_zone_minutes": 87, "payment": "3.00", "group_bonus": "0.00", "no_pay_percent": 0, "timestamp": "2022-05-10T15:29:20.664Z", "updated": "2022-05-10T15:29:22.682Z"}}, {"model": "main.parametersetperiodpayment", "pk": 7941, "fields": {"parameter_set_period": 1210, "parameter_set_zone_minutes": 88, "payment": "3.00", "group_bonus": "0.00", "no_pay_percent": 0, "timestamp": "2022-05-10T15:29:20.670Z", "updated": "2022-05-10T15:29:22.688Z"}}, {"model": "main.parametersetperiodpayment", "pk": 7942, "fields": {"parameter_set_period": 1211, "parameter_set_zone_minutes": 85, "payment": "3.00", "group_bonus": "0.00", "no_pay_percent": 0, "timestamp": "2022-05-10T15:29:20.684Z", "updated": "2022-05-10T15:29:22.713Z"}}, {"model": "main.parametersetperiodpayment", "pk": 7943, "fields": {"parameter_set_period": 1211, "parameter_set_zone_minutes": 86, "payment": "3.00", "group_bonus": "0.00", "no_pay_percent": 0, "timestamp": "2022-05-10T15:29:20.689Z", "updated": "2022-05-10T15:29:22.717Z"}}, {"model": "main.parametersetperiodpayment", "pk": 7944, "fields": {"parameter_set_period": 1211, "parameter_set_zone_minutes": 87, "payment": "3.00", "group_bonus": "0.00", "no_pay_percent": 0, "timestamp": "2022-05-10T15:29:20.696Z", "updated": "2022-05-10T15:29:22.722Z"}}, {"model": "main.parametersetperiodpayment", "pk": 7945, "fields": {"parameter_set_period": 1211, "parameter_set_zone_minutes": 88, "payment": "3.00", "group_bonus": "0.00", "no_pay_percent": 0, "timestamp": "2022-05-10T15:29:20.701Z", "updated": "2022-05-10T15:29:22.726Z"}}, {"model": "main.parametersetperiodpayment", "pk": 7946, "fields": {"parameter_set_period": 1212, "parameter_set_zone_minutes": 85, "payment": "3.00", "group_bonus": "0.00", "no_pay_percent": 0, "timestamp": "2022-05-10T15:29:20.715Z", "updated": "2022-05-10T15:29:22.740Z"}}, {"model": "main.parametersetperiodpayment", "pk": 7947, "fields": {"parameter_set_period": 1212, "parameter_set_zone_minutes": 86, "payment": "3.00", "group_bonus": "0.00", "no_pay_percent": 0, "timestamp": "2022-05-10T15:29:20.721Z", "updated": "2022-05-10T15:29:22.744Z"}}, {"model": "main.parametersetperiodpayment", "pk": 7948, "fields": {"parameter_set_period": 1212, "parameter_set_zone_minutes": 87, "payment": "3.00", "group_bonus": "0.00", "no_pay_percent": 0, "timestamp": "2022-05-10T15:29:20.727Z", "updated": "2022-05-10T15:29:22.752Z"}}, {"model": "main.parametersetperiodpayment", "pk": 7949, "fields": {"parameter_set_period": 1212, "parameter_set_zone_minutes": 88, "payment": "3.00", "group_bonus": "0.00", "no_pay_percent": 0, "timestamp": "2022-05-10T15:29:20.733Z", "updated": "2022-05-10T15:29:22.758Z"}}, {"model": "main.parametersetperiodpayment", "pk": 7950, "fields": {"parameter_set_period": 1213, "parameter_set_zone_minutes": 85, "payment": "3.00", "group_bonus": "0.00", "no_pay_percent": 0, "timestamp": "2022-05-10T15:29:20.747Z", "updated": "2022-05-10T15:29:22.773Z"}}, {"model": "main.parametersetperiodpayment", "pk": 7951, "fields": {"parameter_set_period": 1213, "parameter_set_zone_minutes": 86, "payment": "3.00", "group_bonus": "0.00", "no_pay_percent": 0, "timestamp": "2022-05-10T15:29:20.753Z", "updated": "2022-05-10T15:29:22.793Z"}}, {"model": "main.parametersetperiodpayment", "pk": 7952, "fields": {"parameter_set_period": 1213, "parameter_set_zone_minutes": 87, "payment": "3.00", "group_bonus": "0.00", "no_pay_percent": 0, "timestamp": "2022-05-10T15:29:20.758Z", "updated": "2022-05-10T15:29:22.799Z"}}, {"model": "main.parametersetperiodpayment", "pk": 7953, "fields": {"parameter_set_period": 1213, "parameter_set_zone_minutes": 88, "payment": "3.00", "group_bonus": "0.00", "no_pay_percent": 0, "timestamp": "2022-05-10T15:29:20.764Z", "updated": "2022-05-10T15:29:22.804Z"}}, {"model": "main.parametersetperiodpayment", "pk": 7954, "fields": {"parameter_set_period": 1214, "parameter_set_zone_minutes": 85, "payment": "3.00", "group_bonus": "0.00", "no_pay_percent": 0, "timestamp": "2022-05-10T15:29:20.776Z", "updated": "2022-05-10T15:29:22.812Z"}}, {"model": "main.parametersetperiodpayment", "pk": 7955, "fields": {"parameter_set_period": 1214, "parameter_set_zone_minutes": 86, "payment": "3.00", "group_bonus": "0.00", "no_pay_percent": 0, "timestamp": "2022-05-10T15:29:20.782Z", "updated": "2022-05-10T15:29:22.816Z"}}, {"model": "main.parametersetperiodpayment", "pk": 7956, "fields": {"parameter_set_period": 1214, "parameter_set_zone_minutes": 87, "payment": "3.00", "group_bonus": "0.00", "no_pay_percent": 0, "timestamp": "2022-05-10T15:29:20.788Z", "updated": "2022-05-10T15:29:22.821Z"}}, {"model": "main.parametersetperiodpayment", "pk": 7957, "fields": {"parameter_set_period": 1214, "parameter_set_zone_minutes": 88, "payment": "3.00", "group_bonus": "0.00", "no_pay_percent": 0, "timestamp": "2022-05-10T15:29:20.794Z", "updated": "2022-05-10T15:29:22.825Z"}}, {"model": "main.parametersetperiodpayment", "pk": 7958, "fields": {"parameter_set_period": 1215, "parameter_set_zone_minutes": 85, "payment": "3.00", "group_bonus": "0.00", "no_pay_percent": 0, "timestamp": "2022-05-10T15:29:20.808Z", "updated": "2022-05-10T15:29:22.835Z"}}, {"model": "main.parametersetperiodpayment", "pk": 7959, "fields": {"parameter_set_period": 1215, "parameter_set_zone_minutes": 86, "payment": "3.00", "group_bonus": "0.00", "no_pay_percent": 0, "timestamp": "2022-05-10T15:29:20.814Z", "updated": "2022-05-10T15:29:22.840Z"}}, {"model": "main.parametersetperiodpayment", "pk": 7960, "fields": {"parameter_set_period": 1215, "parameter_set_zone_minutes": 87, "payment": "3.00", "group_bonus": "0.00", "no_pay_percent": 0, "timestamp": "2022-05-10T15:29:20.820Z", "updated": "2022-05-10T15:29:22.844Z"}}, {"model": "main.parametersetperiodpayment", "pk": 7961, "fields": {"parameter_set_period": 1215, "parameter_set_zone_minutes": 88, "payment": "3.00", "group_bonus": "0.00", "no_pay_percent": 0, "timestamp": "2022-05-10T15:29:20.826Z", "updated": "2022-05-10T15:29:22.848Z"}}, {"model": "main.parametersetperiodpayment", "pk": 7962, "fields": {"parameter_set_period": 1216, "parameter_set_zone_minutes": 85, "payment": "3.00", "group_bonus": "0.00", "no_pay_percent": 0, "timestamp": "2022-05-10T15:29:20.841Z", "updated": "2022-05-10T15:29:22.858Z"}}, {"model": "main.parametersetperiodpayment", "pk": 7963, "fields": {"parameter_set_period": 1216, "parameter_set_zone_minutes": 86, "payment": "3.00", "group_bonus": "0.00", "no_pay_percent": 0, "timestamp": "2022-05-10T15:29:20.847Z", "updated": "2022-05-10T15:29:22.862Z"}}, {"model": "main.parametersetperiodpayment", "pk": 7964, "fields": {"parameter_set_period": 1216, "parameter_set_zone_minutes": 87, "payment": "3.00", "group_bonus": "0.00", "no_pay_percent": 0, "timestamp": "2022-05-10T15:29:20.852Z", "updated": "2022-05-10T15:29:22.866Z"}}, {"model": "main.parametersetperiodpayment", "pk": 7965, "fields": {"parameter_set_period": 1216, "parameter_set_zone_minutes": 88, "payment": "3.00", "group_bonus": "0.00", "no_pay_percent": 0, "timestamp": "2022-05-10T15:29:20.858Z", "updated": "2022-05-10T15:29:22.870Z"}}, {"model": "main.parametersetperiodpayment", "pk": 7966, "fields": {"parameter_set_period": 1217, "parameter_set_zone_minutes": 85, "payment": "3.00", "group_bonus": "0.00", "no_pay_percent": 0, "timestamp": "2022-05-10T15:29:20.872Z", "updated": "2022-05-10T15:29:22.881Z"}}, {"model": "main.parametersetperiodpayment", "pk": 7967, "fields": {"parameter_set_period": 1217, "parameter_set_zone_minutes": 86, "payment": "3.00", "group_bonus": "0.00", "no_pay_percent": 0, "timestamp": "2022-05-10T15:29:20.877Z", "updated": "2022-05-10T15:29:22.885Z"}}, {"model": "main.parametersetperiodpayment", "pk": 7968, "fields": {"parameter_set_period": 1217, "parameter_set_zone_minutes": 87, "payment": "3.00", "group_bonus": "0.00", "no_pay_percent": 0, "timestamp": "2022-05-10T15:29:20.884Z", "updated": "2022-05-10T15:29:22.890Z"}}, {"model": "main.parametersetperiodpayment", "pk": 7969, "fields": {"parameter_set_period": 1217, "parameter_set_zone_minutes": 88, "payment": "3.00", "group_bonus": "0.00", "no_pay_percent": 0, "timestamp": "2022-05-10T15:29:20.889Z", "updated": "2022-05-10T15:29:22.894Z"}}, {"model": "main.parametersetperiodpayment", "pk": 7970, "fields": {"parameter_set_period": 1218, "parameter_set_zone_minutes": 85, "payment": "3.00", "group_bonus": "0.00", "no_pay_percent": 0, "timestamp": "2022-05-10T15:29:20.912Z", "updated": "2022-05-10T15:29:22.904Z"}}, {"model": "main.parametersetperiodpayment", "pk": 7971, "fields": {"parameter_set_period": 1218, "parameter_set_zone_minutes": 86, "payment": "3.00", "group_bonus": "0.00", "no_pay_percent": 0, "timestamp": "2022-05-10T15:29:20.919Z", "updated": "2022-05-10T15:29:22.908Z"}}, {"model": "main.parametersetperiodpayment", "pk": 7972, "fields": {"parameter_set_period": 1218, "parameter_set_zone_minutes": 87, "payment": "3.00", "group_bonus": "0.00", "no_pay_percent": 0, "timestamp": "2022-05-10T15:29:20.925Z", "updated": "2022-05-10T15:29:22.911Z"}}, {"model": "main.parametersetperiodpayment", "pk": 7973, "fields": {"parameter_set_period": 1218, "parameter_set_zone_minutes": 88, "payment": "3.00", "group_bonus": "0.00", "no_pay_percent": 0, "timestamp": "2022-05-10T15:29:20.930Z", "updated": "2022-05-10T15:29:22.916Z"}}, {"model": "main.parametersetperiodpayment", "pk": 7974, "fields": {"parameter_set_period": 1219, "parameter_set_zone_minutes": 85, "payment": "3.00", "group_bonus": "0.00", "no_pay_percent": 0, "timestamp": "2022-05-10T15:29:20.945Z", "updated": "2022-05-10T15:29:22.925Z"}}, {"model": "main.parametersetperiodpayment", "pk": 7975, "fields": {"parameter_set_period": 1219, "parameter_set_zone_minutes": 86, "payment": "3.00", "group_bonus": "0.00", "no_pay_percent": 0, "timestamp": "2022-05-10T15:29:20.951Z", "updated": "2022-05-10T15:29:22.939Z"}}, {"model": "main.parametersetperiodpayment", "pk": 7976, "fields": {"parameter_set_period": 1219, "parameter_set_zone_minutes": 87, "payment": "3.00", "group_bonus": "0.00", "no_pay_percent": 0, "timestamp": "2022-05-10T15:29:20.957Z", "updated": "2022-05-10T15:29:22.943Z"}}, {"model": "main.parametersetperiodpayment", "pk": 7977, "fields": {"parameter_set_period": 1219, "parameter_set_zone_minutes": 88, "payment": "3.00", "group_bonus": "0.00", "no_pay_percent": 0, "timestamp": "2022-05-10T15:29:20.963Z", "updated": "2022-05-10T15:29:22.948Z"}}, {"model": "main.parametersetperiodpayment", "pk": 7978, "fields": {"parameter_set_period": 1220, "parameter_set_zone_minutes": 85, "payment": "3.00", "group_bonus": "0.00", "no_pay_percent": 0, "timestamp": "2022-05-10T15:29:20.981Z", "updated": "2022-05-10T15:29:22.958Z"}}, {"model": "main.parametersetperiodpayment", "pk": 7979, "fields": {"parameter_set_period": 1220, "parameter_set_zone_minutes": 86, "payment": "3.00", "group_bonus": "0.00", "no_pay_percent": 0, "timestamp": "2022-05-10T15:29:20.989Z", "updated": "2022-05-10T15:29:22.963Z"}}, {"model": "main.parametersetperiodpayment", "pk": 7980, "fields": {"parameter_set_period": 1220, "parameter_set_zone_minutes": 87, "payment": "3.00", "group_bonus": "0.00", "no_pay_percent": 0, "timestamp": "2022-05-10T15:29:20.995Z", "updated": "2022-05-10T15:29:22.967Z"}}, {"model": "main.parametersetperiodpayment", "pk": 7981, "fields": {"parameter_set_period": 1220, "parameter_set_zone_minutes": 88, "payment": "3.00", "group_bonus": "0.00", "no_pay_percent": 0, "timestamp": "2022-05-10T15:29:21.002Z", "updated": "2022-05-10T15:29:22.972Z"}}, {"model": "main.parametersetperiodpayment", "pk": 7982, "fields": {"parameter_set_period": 1221, "parameter_set_zone_minutes": 85, "payment": "0.00", "group_bonus": "0.00", "no_pay_percent": 8, "timestamp": "2022-05-10T15:29:21.017Z", "updated": "2022-05-10T15:29:22.982Z"}}, {"model": "main.parametersetperiodpayment", "pk": 7983, "fields": {"parameter_set_period": 1221, "parameter_set_zone_minutes": 86, "payment": "0.00", "group_bonus": "0.00", "no_pay_percent": 8, "timestamp": "2022-05-10T15:29:21.023Z", "updated": "2022-05-10T15:29:22.986Z"}}, {"model": "main.parametersetperiodpayment", "pk": 7984, "fields": {"parameter_set_period": 1221, "parameter_set_zone_minutes": 87, "payment": "0.00", "group_bonus": "0.00", "no_pay_percent": 8, "timestamp": "2022-05-10T15:29:21.029Z", "updated": "2022-05-10T15:29:22.990Z"}}, {"model": "main.parametersetperiodpayment", "pk": 7985, "fields": {"parameter_set_period": 1221, "parameter_set_zone_minutes": 88, "payment": "0.00", "group_bonus": "0.00", "no_pay_percent": 8, "timestamp": "2022-05-10T15:29:21.035Z", "updated": "2022-05-10T15:29:22.994Z"}}, {"model": "main.parametersetperiodpayment", "pk": 7986, "fields": {"parameter_set_period": 1222, "parameter_set_zone_minutes": 85, "payment": "0.00", "group_bonus": "0.00", "no_pay_percent": 8, "timestamp": "2022-05-10T15:29:21.050Z", "updated": "2022-05-10T15:29:23.004Z"}}, {"model": "main.parametersetperiodpayment", "pk": 7987, "fields": {"parameter_set_period": 1222, "parameter_set_zone_minutes": 86, "payment": "0.00", "group_bonus": "0.00", "no_pay_percent": 8, "timestamp": "2022-05-10T15:29:21.056Z", "updated": "2022-05-10T15:29:23.008Z"}}, {"model": "main.parametersetperiodpayment", "pk": 7988, "fields": {"parameter_set_period": 1222, "parameter_set_zone_minutes": 87, "payment": "0.00", "group_bonus": "0.00", "no_pay_percent": 8, "timestamp": "2022-05-10T15:29:21.062Z", "updated": "2022-05-10T15:29:23.012Z"}}, {"model": "main.parametersetperiodpayment", "pk": 7989, "fields": {"parameter_set_period": 1222, "parameter_set_zone_minutes": 88, "payment": "0.00", "group_bonus": "0.00", "no_pay_percent": 8, "timestamp": "2022-05-10T15:29:21.069Z", "updated": "2022-05-10T15:29:23.016Z"}}, {"model": "main.parametersetperiodpayment", "pk": 7990, "fields": {"parameter_set_period": 1223, "parameter_set_zone_minutes": 85, "payment": "0.00", "group_bonus": "0.00", "no_pay_percent": 8, "timestamp": "2022-05-10T15:29:21.082Z", "updated": "2022-05-10T15:29:23.026Z"}}, {"model": "main.parametersetperiodpayment", "pk": 7991, "fields": {"parameter_set_period": 1223, "parameter_set_zone_minutes": 86, "payment": "0.00", "group_bonus": "0.00", "no_pay_percent": 8, "timestamp": "2022-05-10T15:29:21.088Z", "updated": "2022-05-10T15:29:23.030Z"}}, {"model": "main.parametersetperiodpayment", "pk": 7992, "fields": {"parameter_set_period": 1223, "parameter_set_zone_minutes": 87, "payment": "0.00", "group_bonus": "0.00", "no_pay_percent": 8, "timestamp": "2022-05-10T15:29:21.094Z", "updated": "2022-05-10T15:29:23.034Z"}}, {"model": "main.parametersetperiodpayment", "pk": 7993, "fields": {"parameter_set_period": 1223, "parameter_set_zone_minutes": 88, "payment": "0.00", "group_bonus": "0.00", "no_pay_percent": 8, "timestamp": "2022-05-10T15:29:21.101Z", "updated": "2022-05-10T15:29:23.038Z"}}, {"model": "main.parametersetperiodpayment", "pk": 7994, "fields": {"parameter_set_period": 1224, "parameter_set_zone_minutes": 85, "payment": "0.00", "group_bonus": "0.00", "no_pay_percent": 8, "timestamp": "2022-05-10T15:29:21.115Z", "updated": "2022-05-10T15:29:23.047Z"}}, {"model": "main.parametersetperiodpayment", "pk": 7995, "fields": {"parameter_set_period": 1224, "parameter_set_zone_minutes": 86, "payment": "0.00", "group_bonus": "0.00", "no_pay_percent": 8, "timestamp": "2022-05-10T15:29:21.121Z", "updated": "2022-05-10T15:29:23.051Z"}}, {"model": "main.parametersetperiodpayment", "pk": 7996, "fields": {"parameter_set_period": 1224, "parameter_set_zone_minutes": 87, "payment": "0.00", "group_bonus": "0.00", "no_pay_percent": 8, "timestamp": "2022-05-10T15:29:21.126Z", "updated": "2022-05-10T15:29:23.055Z"}}, {"model": "main.parametersetperiodpayment", "pk": 7997, "fields": {"parameter_set_period": 1224, "parameter_set_zone_minutes": 88, "payment": "0.00", "group_bonus": "0.00", "no_pay_percent": 8, "timestamp": "2022-05-10T15:29:21.132Z", "updated": "2022-05-10T15:29:23.059Z"}}, {"model": "main.parametersetperiodpayment", "pk": 7998, "fields": {"parameter_set_period": 1225, "parameter_set_zone_minutes": 85, "payment": "0.00", "group_bonus": "0.00", "no_pay_percent": 8, "timestamp": "2022-05-10T15:29:21.146Z", "updated": "2022-05-10T15:29:23.068Z"}}, {"model": "main.parametersetperiodpayment", "pk": 7999, "fields": {"parameter_set_period": 1225, "parameter_set_zone_minutes": 86, "payment": "0.00", "group_bonus": "0.00", "no_pay_percent": 8, "timestamp": "2022-05-10T15:29:21.152Z", "updated": "2022-05-10T15:29:23.072Z"}}, {"model": "main.parametersetperiodpayment", "pk": 8000, "fields": {"parameter_set_period": 1225, "parameter_set_zone_minutes": 87, "payment": "0.00", "group_bonus": "0.00", "no_pay_percent": 8, "timestamp": "2022-05-10T15:29:21.158Z", "updated": "2022-05-10T15:29:23.077Z"}}, {"model": "main.parametersetperiodpayment", "pk": 8001, "fields": {"parameter_set_period": 1225, "parameter_set_zone_minutes": 88, "payment": "0.00", "group_bonus": "0.00", "no_pay_percent": 8, "timestamp": "2022-05-10T15:29:21.164Z", "updated": "2022-05-10T15:29:23.081Z"}}, {"model": "main.parametersetperiodpayment", "pk": 8002, "fields": {"parameter_set_period": 1226, "parameter_set_zone_minutes": 85, "payment": "0.00", "group_bonus": "0.00", "no_pay_percent": 8, "timestamp": "2022-05-10T15:29:21.178Z", "updated": "2022-05-10T15:29:23.090Z"}}, {"model": "main.parametersetperiodpayment", "pk": 8003, "fields": {"parameter_set_period": 1226, "parameter_set_zone_minutes": 86, "payment": "0.00", "group_bonus": "0.00", "no_pay_percent": 8, "timestamp": "2022-05-10T15:29:21.185Z", "updated": "2022-05-10T15:29:23.094Z"}}, {"model": "main.parametersetperiodpayment", "pk": 8004, "fields": {"parameter_set_period": 1226, "parameter_set_zone_minutes": 87, "payment": "0.00", "group_bonus": "0.00", "no_pay_percent": 8, "timestamp": "2022-05-10T15:29:21.191Z", "updated": "2022-05-10T15:29:23.098Z"}}, {"model": "main.parametersetperiodpayment", "pk": 8005, "fields": {"parameter_set_period": 1226, "parameter_set_zone_minutes": 88, "payment": "0.00", "group_bonus": "0.00", "no_pay_percent": 8, "timestamp": "2022-05-10T15:29:21.197Z", "updated": "2022-05-10T15:29:23.102Z"}}, {"model": "main.parametersetperiodpayment", "pk": 8006, "fields": {"parameter_set_period": 1227, "parameter_set_zone_minutes": 85, "payment": "0.00", "group_bonus": "0.00", "no_pay_percent": 8, "timestamp": "2022-05-10T15:29:21.211Z", "updated": "2022-05-10T15:29:23.112Z"}}, {"model": "main.parametersetperiodpayment", "pk": 8007, "fields": {"parameter_set_period": 1227, "parameter_set_zone_minutes": 86, "payment": "0.00", "group_bonus": "0.00", "no_pay_percent": 8, "timestamp": "2022-05-10T15:29:21.218Z", "updated": "2022-05-10T15:29:23.115Z"}}, {"model": "main.parametersetperiodpayment", "pk": 8008, "fields": {"parameter_set_period": 1227, "parameter_set_zone_minutes": 87, "payment": "0.00", "group_bonus": "0.00", "no_pay_percent": 8, "timestamp": "2022-05-10T15:29:21.224Z", "updated": "2022-05-10T15:29:23.119Z"}}, {"model": "main.parametersetperiodpayment", "pk": 8009, "fields": {"parameter_set_period": 1227, "parameter_set_zone_minutes": 88, "payment": "0.00", "group_bonus": "0.00", "no_pay_percent": 8, "timestamp": "2022-05-10T15:29:21.230Z", "updated": "2022-05-10T15:29:23.125Z"}}, {"model": "main.parametersetperiodpayment", "pk": 8010, "fields": {"parameter_set_period": 1228, "parameter_set_zone_minutes": 85, "payment": "0.00", "group_bonus": "0.00", "no_pay_percent": 8, "timestamp": "2022-05-10T15:29:21.244Z", "updated": "2022-05-10T15:29:23.135Z"}}, {"model": "main.parametersetperiodpayment", "pk": 8011, "fields": {"parameter_set_period": 1228, "parameter_set_zone_minutes": 86, "payment": "0.00", "group_bonus": "0.00", "no_pay_percent": 8, "timestamp": "2022-05-10T15:29:21.250Z", "updated": "2022-05-10T15:29:23.139Z"}}, {"model": "main.parametersetperiodpayment", "pk": 8012, "fields": {"parameter_set_period": 1228, "parameter_set_zone_minutes": 87, "payment": "0.00", "group_bonus": "0.00", "no_pay_percent": 8, "timestamp": "2022-05-10T15:29:21.257Z", "updated": "2022-05-10T15:29:23.144Z"}}, {"model": "main.parametersetperiodpayment", "pk": 8013, "fields": {"parameter_set_period": 1228, "parameter_set_zone_minutes": 88, "payment": "0.00", "group_bonus": "0.00", "no_pay_percent": 8, "timestamp": "2022-05-10T15:29:21.263Z", "updated": "2022-05-10T15:29:23.148Z"}}, {"model": "main.parametersetperiodpayment", "pk": 8014, "fields": {"parameter_set_period": 1229, "parameter_set_zone_minutes": 85, "payment": "0.00", "group_bonus": "0.00", "no_pay_percent": 8, "timestamp": "2022-05-10T15:29:21.277Z", "updated": "2022-05-10T15:29:23.157Z"}}, {"model": "main.parametersetperiodpayment", "pk": 8015, "fields": {"parameter_set_period": 1229, "parameter_set_zone_minutes": 86, "payment": "0.00", "group_bonus": "0.00", "no_pay_percent": 8, "timestamp": "2022-05-10T15:29:21.282Z", "updated": "2022-05-10T15:29:23.162Z"}}, {"model": "main.parametersetperiodpayment", "pk": 8016, "fields": {"parameter_set_period": 1229, "parameter_set_zone_minutes": 87, "payment": "0.00", "group_bonus": "0.00", "no_pay_percent": 8, "timestamp": "2022-05-10T15:29:21.290Z", "updated": "2022-05-10T15:29:23.166Z"}}, {"model": "main.parametersetperiodpayment", "pk": 8017, "fields": {"parameter_set_period": 1229, "parameter_set_zone_minutes": 88, "payment": "0.00", "group_bonus": "0.00", "no_pay_percent": 8, "timestamp": "2022-05-10T15:29:21.296Z", "updated": "2022-05-10T15:29:23.170Z"}}, {"model": "main.parametersetperiodpayment", "pk": 8018, "fields": {"parameter_set_period": 1230, "parameter_set_zone_minutes": 85, "payment": "0.00", "group_bonus": "0.00", "no_pay_percent": 8, "timestamp": "2022-05-10T15:29:21.310Z", "updated": "2022-05-10T15:29:23.182Z"}}, {"model": "main.parametersetperiodpayment", "pk": 8019, "fields": {"parameter_set_period": 1230, "parameter_set_zone_minutes": 86, "payment": "0.00", "group_bonus": "0.00", "no_pay_percent": 8, "timestamp": "2022-05-10T15:29:21.316Z", "updated": "2022-05-10T15:29:23.186Z"}}, {"model": "main.parametersetperiodpayment", "pk": 8020, "fields": {"parameter_set_period": 1230, "parameter_set_zone_minutes": 87, "payment": "0.00", "group_bonus": "0.00", "no_pay_percent": 8, "timestamp": "2022-05-10T15:29:21.350Z", "updated": "2022-05-10T15:29:23.190Z"}}, {"model": "main.parametersetperiodpayment", "pk": 8021, "fields": {"parameter_set_period": 1230, "parameter_set_zone_minutes": 88, "payment": "0.00", "group_bonus": "0.00", "no_pay_percent": 8, "timestamp": "2022-05-10T15:29:21.370Z", "updated": "2022-05-10T15:29:23.194Z"}}, {"model": "main.parametersetperiodpayment", "pk": 8022, "fields": {"parameter_set_period": 1231, "parameter_set_zone_minutes": 85, "payment": "0.00", "group_bonus": "0.00", "no_pay_percent": 8, "timestamp": "2022-05-10T15:29:21.384Z", "updated": "2022-05-10T15:29:23.204Z"}}, {"model": "main.parametersetperiodpayment", "pk": 8023, "fields": {"parameter_set_period": 1231, "parameter_set_zone_minutes": 86, "payment": "0.00", "group_bonus": "0.00", "no_pay_percent": 8, "timestamp": "2022-05-10T15:29:21.390Z", "updated": "2022-05-10T15:29:23.208Z"}}, {"model": "main.parametersetperiodpayment", "pk": 8024, "fields": {"parameter_set_period": 1231, "parameter_set_zone_minutes": 87, "payment": "0.00", "group_bonus": "0.00", "no_pay_percent": 8, "timestamp": "2022-05-10T15:29:21.397Z", "updated": "2022-05-10T15:29:23.212Z"}}, {"model": "main.parametersetperiodpayment", "pk": 8025, "fields": {"parameter_set_period": 1231, "parameter_set_zone_minutes": 88, "payment": "0.00", "group_bonus": "0.00", "no_pay_percent": 8, "timestamp": "2022-05-10T15:29:21.403Z", "updated": "2022-05-10T15:29:23.216Z"}}, {"model": "main.parametersetperiodpayment", "pk": 8026, "fields": {"parameter_set_period": 1232, "parameter_set_zone_minutes": 85, "payment": "0.00", "group_bonus": "0.00", "no_pay_percent": 8, "timestamp": "2022-05-10T15:29:21.417Z", "updated": "2022-05-10T15:29:23.226Z"}}, {"model": "main.parametersetperiodpayment", "pk": 8027, "fields": {"parameter_set_period": 1232, "parameter_set_zone_minutes": 86, "payment": "0.00", "group_bonus": "0.00", "no_pay_percent": 8, "timestamp": "2022-05-10T15:29:21.424Z", "updated": "2022-05-10T15:29:23.230Z"}}, {"model": "main.parametersetperiodpayment", "pk": 8028, "fields": {"parameter_set_period": 1232, "parameter_set_zone_minutes": 87, "payment": "0.00", "group_bonus": "0.00", "no_pay_percent": 8, "timestamp": "2022-05-10T15:29:21.429Z", "updated": "2022-05-10T15:29:23.234Z"}}, {"model": "main.parametersetperiodpayment", "pk": 8029, "fields": {"parameter_set_period": 1232, "parameter_set_zone_minutes": 88, "payment": "0.00", "group_bonus": "0.00", "no_pay_percent": 8, "timestamp": "2022-05-10T15:29:21.435Z", "updated": "2022-05-10T15:29:23.238Z"}}, {"model": "main.parametersetperiodpayment", "pk": 8030, "fields": {"parameter_set_period": 1233, "parameter_set_zone_minutes": 85, "payment": "0.00", "group_bonus": "0.00", "no_pay_percent": 8, "timestamp": "2022-05-10T15:29:21.449Z", "updated": "2022-05-10T15:29:23.247Z"}}, {"model": "main.parametersetperiodpayment", "pk": 8031, "fields": {"parameter_set_period": 1233, "parameter_set_zone_minutes": 86, "payment": "0.00", "group_bonus": "0.00", "no_pay_percent": 8, "timestamp": "2022-05-10T15:29:21.455Z", "updated": "2022-05-10T15:29:23.251Z"}}, {"model": "main.parametersetperiodpayment", "pk": 8032, "fields": {"parameter_set_period": 1233, "parameter_set_zone_minutes": 87, "payment": "0.00", "group_bonus": "0.00", "no_pay_percent": 8, "timestamp": "2022-05-10T15:29:21.461Z", "updated": "2022-05-10T15:29:23.255Z"}}, {"model": "main.parametersetperiodpayment", "pk": 8033, "fields": {"parameter_set_period": 1233, "parameter_set_zone_minutes": 88, "payment": "0.00", "group_bonus": "0.00", "no_pay_percent": 8, "timestamp": "2022-05-10T15:29:21.467Z", "updated": "2022-05-10T15:29:23.259Z"}}, {"model": "main.parametersetperiodpayment", "pk": 8034, "fields": {"parameter_set_period": 1234, "parameter_set_zone_minutes": 85, "payment": "0.00", "group_bonus": "0.00", "no_pay_percent": 8, "timestamp": "2022-05-10T15:29:21.480Z", "updated": "2022-05-10T15:29:23.270Z"}}, {"model": "main.parametersetperiodpayment", "pk": 8035, "fields": {"parameter_set_period": 1234, "parameter_set_zone_minutes": 86, "payment": "0.00", "group_bonus": "0.00", "no_pay_percent": 8, "timestamp": "2022-05-10T15:29:21.486Z", "updated": "2022-05-10T15:29:23.274Z"}}, {"model": "main.parametersetperiodpayment", "pk": 8036, "fields": {"parameter_set_period": 1234, "parameter_set_zone_minutes": 87, "payment": "0.00", "group_bonus": "0.00", "no_pay_percent": 8, "timestamp": "2022-05-10T15:29:21.492Z", "updated": "2022-05-10T15:29:23.278Z"}}, {"model": "main.parametersetperiodpayment", "pk": 8037, "fields": {"parameter_set_period": 1234, "parameter_set_zone_minutes": 88, "payment": "0.00", "group_bonus": "0.00", "no_pay_percent": 8, "timestamp": "2022-05-10T15:29:21.506Z", "updated": "2022-05-10T15:29:23.282Z"}}, {"model": "main.parametersetzoneminutes", "pk": 13, "fields": {"parameter_set": 8, "zone_minutes": 1440, "label": "min to min", "timestamp": "2022-03-15T22:11:33.122Z", "updated": "2022-03-15T22:11:33.122Z"}}, {"model": "main.parametersetzoneminutes", "pk": 48, "fields": {"parameter_set": 11, "zone_minutes": 1440, "label": "min to min", "timestamp": "2022-04-14T05:20:02.838Z", "updated": "2022-04-14T05:20:02.838Z"}}, {"model": "main.parametersetzoneminutes", "pk": 85, "fields": {"parameter_set": 9, "zone_minutes": 29, "label": "<30", "timestamp": "2022-05-10T15:29:16.276Z", "updated": "2022-05-10T15:29:19.089Z"}}, {"model": "main.parametersetzoneminutes", "pk": 86, "fields": {"parameter_set": 9, "zone_minutes": 44, "label": "30 to 44", "timestamp": "2022-05-10T15:29:16.899Z", "updated": "2022-05-10T15:29:19.093Z"}}, {"model": "main.parametersetzoneminutes", "pk": 87, "fields": {"parameter_set": 9, "zone_minutes": 59, "label": "45 to 59", "timestamp": "2022-05-10T15:29:17.515Z", "updated": "2022-05-10T15:29:19.096Z"}}, {"model": "main.parametersetzoneminutes", "pk": 88, "fields": {"parameter_set": 9, "zone_minutes": 1440, "label": "60+", "timestamp": "2022-05-10T15:29:18.286Z", "updated": "2022-05-10T15:29:19.100Z"}}, {"model": "main.session", "pk": 7, "fields": {"parameter_set": 9, "creator": 1, "title": "70 Period Group Pay", "start_date": "2022-03-15", "end_date": "2022-05-23", "current_experiment_phase": "Run", "channel_key": "67eb6ebc-7cd7-431a-a41e-d071209472c7", "session_key": "f041baf1-99d8-446d-b695-dca8e9a72832", "started": false, "finished": false, "shared": false, "locked": false, "canceled": false, "cancelation_text": "", "cancelation_text_subject": "", "invitation_text": "", "invitation_subject": "", "soft_delete": false, "timestamp": "2022-03-15T22:22:12.884Z", "updated": "2022-05-10T15:30:40.555Z", "collaborators": []}}, {"model": "main.sessionplayer", "pk": 158, "fields": {"session": 7, "parameter_set_player": 110, "player_number": 1, "player_key": "a4f0ef60-6c84-4214-8f26-eee910074abc", "connecting": false, "connected_count": 0, "channel_name": "", "name": "", "student_id": "", "email": null, "group_number": 1, "current_instruction": 0, "current_instruction_complete": 0, "instructions_finished": false, "fitbit_user_id": "", "fitbit_last_synced": null, "fitbit_device": "", "consent_form_required": false, "disabled": false, "timestamp": "2022-05-10T15:29:23.290Z", "updated": "2022-05-10T15:30:40.470Z"}}, {"model": "main.sessionplayer", "pk": 159, "fields": {"session": 7, "parameter_set_player": 111, "player_number": 2, "player_key": "825ce6c7-1be4-4e16-886a-fdb560f00aa6", "connecting": false, "connected_count": 0, "channel_name": "", "name": "", "student_id": "", "email": null, "group_number": 1, "current_instruction": 0, "current_instruction_complete": 0, "instructions_finished": false, "fitbit_user_id": "", "fitbit_last_synced": null, "fitbit_device": "", "consent_form_required": false, "disabled": false, "timestamp": "2022-05-10T15:29:23.294Z", "updated": "2022-05-10T15:30:40.475Z"}}, {"model": "main.sessionplayer", "pk": 160, "fields": {"session": 7, "parameter_set_player": 112, "player_number": 3, "player_key": "3a843f57-e5dd-48a7-b0a7-e5390e531638", "connecting": false, "connected_count": 0, "channel_name": "", "name": "", "student_id": "", "email": null, "group_number": 2, "current_instruction": 0, "current_instruction_complete": 0, "instructions_finished": false, "fitbit_user_id": "", "fitbit_last_synced": null, "fitbit_device": "", "consent_form_required": false, "disabled": false, "timestamp": "2022-05-10T15:29:23.298Z", "updated": "2022-05-10T15:30:40.480Z"}}, {"model": "main.sessionplayer", "pk": 161, "fields": {"session": 7, "parameter_set_player": 113, "player_number": 4, "player_key": "45c639ed-6164-4fe1-b274-d25bfeafa087", "connecting": false, "connected_count": 0, "channel_name": "", "name": "", "student_id": "", "email": null, "group_number": 2, "current_instruction": 0, "current_instruction_complete": 0, "instructions_finished": false, "fitbit_user_id": "", "fitbit_last_synced": null, "fitbit_device": "", "consent_form_required": false, "disabled": false, "timestamp": "2022-05-10T15:29:23.303Z", "updated": "2022-05-10T15:30:40.485Z"}}, {"model": "main.sessionplayer", "pk": 162, "fields": {"session": 7, "parameter_set_player": 114, "player_number": 5, "player_key": "8af4080c-374d-46f6-9dba-a14e9e52340a", "connecting": false, "connected_count": 0, "channel_name": "", "name": "", "student_id": "", "email": null, "group_number": 3, "current_instruction": 0, "current_instruction_complete": 0, "instructions_finished": false, "fitbit_user_id": "", "fitbit_last_synced": null, "fitbit_device": "", "consent_form_required": false, "disabled": false, "timestamp": "2022-05-10T15:29:23.307Z", "updated": "2022-05-10T15:30:40.489Z"}}, {"model": "main.sessionplayer", "pk": 163, "fields": {"session": 7, "parameter_set_player": 115, "player_number": 6, "player_key": "bc099426-d863-495a-9590-881dd8e0f150", "connecting": false, "connected_count": 0, "channel_name": "", "name": "", "student_id": "", "email": null, "group_number": 3, "current_instruction": 0, "current_instruction_complete": 0, "instructions_finished": false, "fitbit_user_id": "", "fitbit_last_synced": null, "fitbit_device": "", "consent_form_required": false, "disabled": false, "timestamp": "2022-05-10T15:29:23.312Z", "updated": "2022-05-10T15:30:40.494Z"}}, {"model": "main.sessionplayer", "pk": 164, "fields": {"session": 7, "parameter_set_player": 116, "player_number": 7, "player_key": "b738ce62-151d-4779-95c1-4eb3f020f1ca", "connecting": false, "connected_count": 0, "channel_name": "", "name": "", "student_id": "", "email": null, "group_number": 4, "current_instruction": 0, "current_instruction_complete": 0, "instructions_finished": false, "fitbit_user_id": "", "fitbit_last_synced": null, "fitbit_device": "", "consent_form_required": false, "disabled": false, "timestamp": "2022-05-10T15:29:23.316Z", "updated": "2022-05-10T15:30:40.498Z"}}, {"model": "main.sessionplayer", "pk": 165, "fields": {"session": 7, "parameter_set_player": 117, "player_number": 8, "player_key": "5202bffd-10eb-4d30-b110-691062c44a06", "connecting": false, "connected_count": 0, "channel_name": "", "name": "", "student_id": "", "email": null, "group_number": 4, "current_instruction": 0, "current_instruction_complete": 0, "instructions_finished": false, "fitbit_user_id": "", "fitbit_last_synced": null, "fitbit_device": "", "consent_form_required": false, "disabled": false, "timestamp": "2022-05-10T15:29:23.321Z", "updated": "2022-05-10T15:30:40.503Z"}}, {"model": "main.sessionplayer", "pk": 166, "fields": {"session": 7, "parameter_set_player": 118, "player_number": 9, "player_key": "43c44916-68b3-43fe-8df5-72a9109f1974", "connecting": false, "connected_count": 0, "channel_name": "", "name": "", "student_id": "", "email": null, "group_number": 5, "current_instruction": 0, "current_instruction_complete": 0, "instructions_finished": false, "fitbit_user_id": "", "fitbit_last_synced": null, "fitbit_device": "", "consent_form_required": false, "disabled": false, "timestamp": "2022-05-10T15:29:23.325Z", "updated": "2022-05-10T15:30:40.508Z"}}, {"model": "main.sessionplayer", "pk": 167, "fields": {"session": 7, "parameter_set_player": 119, "player_number": 10, "player_key": "109743a8-ab63-4905-8f4e-2b7d0200ee19", "connecting": false, "connected_count": 0, "channel_name": "", "name": "", "student_id": "", "email": null, "group_number": 5, "current_instruction": 0, "current_instruction_complete": 0, "instructions_finished": false, "fitbit_user_id": "", "fitbit_last_synced": null, "fitbit_device": "", "consent_form_required": false, "disabled": false, "timestamp": "2022-05-10T15:29:23.329Z", "updated": "2022-05-10T15:30:40.523Z"}}, {"model": "main.sessionplayer", "pk": 168, "fields": {"session": 7, "parameter_set_player": 120, "player_number": 11, "player_key": "f0acee96-7745-4c09-9f4b-a64e21c5c286", "connecting": false, "connected_count": 0, "channel_name": "", "name": "", "student_id": "", "email": null, "group_number": 6, "current_instruction": 0, "current_instruction_complete": 0, "instructions_finished": false, "fitbit_user_id": "", "fitbit_last_synced": null, "fitbit_device": "", "consent_form_required": false, "disabled": false, "timestamp": "2022-05-10T15:29:23.333Z", "updated": "2022-05-10T15:30:40.528Z"}}, {"model": "main.sessionplayer", "pk": 169, "fields": {"session": 7, "parameter_set_player": 121, "player_number": 12, "player_key": "2d613049-c30e-4ce0-90b8-b06ff753b00e", "connecting": false, "connected_count": 0, "channel_name": "", "name": "", "student_id": "", "email": null, "group_number": 6, "current_instruction": 0, "current_instruction_complete": 0, "instructions_finished": false, "fitbit_user_id": "", "fitbit_last_synced": null, "fitbit_device": "", "consent_form_required": false, "disabled": false, "timestamp": "2022-05-10T15:29:23.337Z", "updated": "2022-05-10T15:30:40.532Z"}}, {"model": "main.sessionplayer", "pk": 170, "fields": {"session": 7, "parameter_set_player": 122, "player_number": 13, "player_key": "e057cad3-4475-4acd-9e2c-d024cdaf8daf", "connecting": false, "connected_count": 0, "channel_name": "", "name": "", "student_id": "", "email": null, "group_number": 7, "current_instruction": 0, "current_instruction_complete": 0, "instructions_finished": false, "fitbit_user_id": "", "fitbit_last_synced": null, "fitbit_device": "", "consent_form_required": false, "disabled": false, "timestamp": "2022-05-10T15:29:23.341Z", "updated": "2022-05-10T15:30:40.537Z"}}, {"model": "main.sessionplayer", "pk": 171, "fields": {"session": 7, "parameter_set_player": 123, "player_number": 14, "player_key": "b0c2b7cd-8f5f-4df4-96c3-f60bbd34426f", "connecting": false, "connected_count": 0, "channel_name": "", "name": "", "student_id": "", "email": null, "group_number": 7, "current_instruction": 0, "current_instruction_complete": 0, "instructions_finished": false, "fitbit_user_id": "", "fitbit_last_synced": null, "fitbit_device": "", "consent_form_required": false, "disabled": false, "timestamp": "2022-05-10T15:29:23.346Z", "updated": "2022-05-10T15:30:40.542Z"}}, {"model": "main.sessionplayer", "pk": 172, "fields": {"session": 7, "parameter_set_player": 124, "player_number": 15, "player_key": "54318bd0-44b1-49ea-8ee2-c449ad801f5e", "connecting": false, "connected_count": 0, "channel_name": "", "name": "", "student_id": "", "email": null, "group_number": 8, "current_instruction": 0, "current_instruction_complete": 0, "instructions_finished": false, "fitbit_user_id": "", "fitbit_last_synced": null, "fitbit_device": "", "consent_form_required": false, "disabled": false, "timestamp": "2022-05-10T15:29:23.350Z", "updated": "2022-05-10T15:30:40.546Z"}}, {"model": "main.sessionplayer", "pk": 173, "fields": {"session": 7, "parameter_set_player": 125, "player_number": 16, "player_key": "a1c1d9c7-43c8-4df7-940a-0f6e6df9b805", "connecting": false, "connected_count": 0, "channel_name": "", "name": "", "student_id": "", "email": null, "group_number": 8, "current_instruction": 0, "current_instruction_complete": 0, "instructions_finished": false, "fitbit_user_id": "", "fitbit_last_synced": null, "fitbit_device": "", "consent_form_required": false, "disabled": false, "timestamp": "2022-05-10T15:29:23.353Z", "updated": "2022-05-10T15:30:40.550Z"}}]